x,y
43,2
41,2
40,1
52,1
58,2
58,2
59,1
47,1
36,1
72,0
0,1
55,1
58,2
46,0
48,0
43,1
19,2
67,2
43,2
75,2
30,2
42,1
58,2
51,2
21,1
32,1
94,2
41,2
76,1
59,2
47,2
61,2
56,1
28,2
41,1
65,0
36,1
48,2
37,2
49,1
31,2
58,1
16,1
7,2
55,2
53,2
63,1
74,1
29,2
68,2
9,1
48,2
45,1
35,1
35,2
66,1
57,0
27,2
37,1
83,1
51,2
58,2
52,2
40,1
32,2
4,2
31,1
43,2
63,2
45,1
37,2
25,2
61,1
42,2
0,1
47,2
74,2
53,1
84,1
51,2
47,0
9,2
44,1
33,2
55,1
43,1
42,1
41,1
44,2
41,2
0,2
83,1
51,2
69,1
18,0
46,2
47,2
65,2
39,2
9,1
55,2
62,1
50,0
45,2
15,2
36,1
30,2
66,2
40,2
42,2
55,2
16,2
49,0
42,2
44,0
45,2
64,1
36,1
59,1
42,2
38,2
30,0
42,2
52,1
43,1
42,2
1,2
39,2
12,1
43,0
48,1
62,2
11,2
17,2
52,1
2,2
31,2
66,1
32,2
25,2
6,1
39,1
20,2
0,2
0,2
55,2
14,2
41,2
65,1
43,2
44,2
39,2
73,1
48,0
12,2
55,0
39,1
63,1
46,2
63,2
47,2
50,2
22,2
46,2
54,0
56,2
69,2
44,2
45,2
57,2
0,2
42,2
72,1
58,1
55,1
24,2
29,1
35,2
1,1
25,2
75,0
41,1
55,2
25,2
62,2
12,1
44,2
58,2
63,2
37,2
25,1
64,1
74,1
40,2
45,2
0,1
35,2
56,0
43,1
42,2
48,1
37,2
67,1
79,2
47,2
24,1
39,2
7,1
29,2
51,1
8,1
61,1
44,2
51,2
61,2
56,1
40,0
27,2
64,2
34,1
26,2
26,1
23,2
1,1
67,2
41,2
47,1
37,2
65,1
43,1
46,0
42,1
34,1
61,0
0,2
9,2
51,1
52,2
34,2
41,2
46,2
49,0
13,2
47,1
33,2
65,1
35,2
42,2
50,2
28,1
40,2
53,0
55,1
33,2
33,2
54,2
59,1
51,1
51,1
48,2
41,1
8,2
29,0
35,2
84,2
40,0
73,1
38,1
38,1
0,1
70,2
42,1
61,0
39,1
26,2
41,1
54,2
31,2
11,1
8,1
45,2
38,2
51,2
30,2
59,1
59,2
44,1
53,1
39,2
63,2
71,0
60,2
60,2
36,2
0,1
54,1
0,2
40,1
68,2
24,2
55,2
1,2
45,1
43,2
52,0
31,2
35,2
41,2
68,1
59,2
52,1
32,2
41,2
38,2
79,1
68,1
7,1
31,2
59,2
0,2
34,2
37,1
39,2
22,2
47,1
30,2
0,2
9,2
37,2
49,2
16,2
55,2
51,1
40,0
20,2
27,2
41,1
63,1
6,2
53,2
52,1
62,1
74,1
87,1
30,1
50,1
48,1
54,1
2,2
42,2
15,1
55,1
37,1
43,2
70,0
56,1
27,2
21,1
49,1
43,2
42,2
32,1
69,2
29,0
15,2
71,1
6,2
42,1
27,1
29,1
70,1
37,1
73,2
50,2
59,1
19,2
0,2
44,1
63,2
47,1
19,2
65,2
39,1
0,0
7,1
72,1
73,1
50,1
42,2
30,2
35,2
63,2
48,2
25,2
47,1
62,2
38,2
69,2
9,2
34,0
35,2
19,2
2,1
73,2
14,1
46,2
28,2
50,2
44,2
22,1
54,1
56,2
50,2
67,2
39,2
43,1
32,2
27,1
63,2
20,2
62,2
43,1
72,1
66,2
63,2
30,2
65,2
0,2
0,2
73,1
34,2
45,1
39,2
67,2
32,1
50,0
40,2
1,1
69,2
43,2
35,2
48,2
51,1
77,2
69,0
63,2
36,2
38,2
42,1
33,1
56,2
62,0
27,0
36,2
78,1
62,2
34,1
51,2
46,1
35,1
81,1
35,2
37,2
38,1
0,1
52,2
28,1
44,2
34,1
26,1
35,1
39,2
44,0
80,2
42,2
31,2
19,2
18,2
50,2
39,2
58,1
52,2
61,2
37,1
22,0
38,2
26,1
67,1
25,1
51,2
64,1
18,2
1,2
47,0
29,1
58,2
42,1
41,2
74,1
32,1
38,2
59,0
23,2
18,1
28,2
71,2
1,2
42,0
23,1
58,2
72,2
41,2
46,1
67,1
33,2
55,0
27,2
78,2
70,2
0,2
63,1
48,2
41,1
28,0
60,0
0,2
54,2
47,2
45,2
8,2
22,1
2,2
42,1
1,2
50,1
1,1
60,0
28,1
47,1
42,2
65,1
45,2
28,1
56,2
18,2
29,1
22,2
86,1
35,2
63,2
33,2
62,1
45,2
51,1
31,2
53,1
18,1
14,0
81,1
51,2
60,2
47,0
33,1
44,2
65,2
0,0
42,1
44,1
54,0
53,2
60,1
56,0
40,2
25,1
73,2
52,1
58,1
0,2
54,1
42,0
59,1
64,2
52,2
58,1
70,0
56,0
7,2
53,2
67,1
66,2
76,2
43,2
60,2
50,1
65,1
76,2
36,1
10,2
44,1
87,2
29,2
48,2
62,2
60,1
82,1
25,2
43,0
20,2
40,2
62,0
12,2
44,2
9,1
51,2
43,2
33,2
25,2
49,1
55,2
41,0
51,0
31,2
0,1
8,2
66,1
44,0
62,1
54,2
56,2
32,2
11,2
67,1
1,0
52,2
51,2
41,1
53,0
41,2
56,2
56,2
8,2
44,1
28,2
32,2
5,1
43,1
39,2
40,1
70,2
58,0
53,1
52,0
63,2
17,2
0,2
42,2
29,2
46,2
45,2
35,1
32,1
12,1
40,2
52,2
55,2
58,1
54,2
32,1
62,2
42,2
60,0
39,2
18,1
51,1
37,1
51,1
50,2
40,1
61,2
9,2
47,1
41,1
4,2
2,1
66,1
63,0
45,0
26,2
58,2
82,0
63,2
32,2
71,2
48,2
56,2
35,1
46,2
36,1
69,2
44,1
59,1
0,1
0,2
55,1
7,2
11,2
54,1
27,2
59,1
43,1
43,1
55,1
21,2
61,1
74,0
53,0
28,2
48,2
74,2
51,0
0,2
39,1
51,1
49,2
40,2
64,1
48,1
73,1
53,2
29,2
32,1
51,2
52,0
41,2
73,2
21,1
50,2
41,2
51,1
42,1
54,2
61,1
59,1
56,1
24,2
50,2
66,2
65,2
78,1
33,1
28,2
33,2
62,1
34,2
53,2
46,2
40,1
39,2
40,2
32,2
42,1
54,1
38,2
16,1
10,2
80,2
34,2
49,0
61,2
35,2
65,1
56,0
61,2
62,2
59,0
71,0
46,1
43,2
33,2
68,2
55,1
62,2
60,0
45,2
39,1
85,2
57,1
34,1
45,1
57,2
37,0
0,2
0,2
45,1
55,2
51,1
2,2
23,2
37,2
29,1
41,2
47,0
40,1
46,2
77,2
42,2
66,1
33,2
58,1
55,2
16,0
64,2
49,0
33,1
34,2
45,2
46,1
58,2
61,2
0,1
56,2
1,2
53,1
9,2
66,1
55,1
41,2
57,2
27,2
26,2
51,1
24,1
60,1
30,0
10,2
21,2
53,1
43,2
60,1
84,1
69,2
52,1
30,1
42,2
38,2
53,2
24,1
68,2
54,2
52,1
9,1
30,2
85,2
19,2
20,2
37,2
65,2
37,2
58,1
9,2
31,1
46,1
40,2
42,2
52,1
61,1
44,1
64,1
44,2
36,2
66,1
64,2
21,1
79,1
54,2
38,1
35,0
11,2
59,1
39,2
67,1
59,1
13,1
11,2
35,2
55,1
14,2
17,2
61,0
66,1
42,1
0,0
23,2
22,1
53,2
49,2
46,1
68,1
9,2
81,1
31,2
50,1
56,1
35,2
25,1
53,0
59,1
38,1
0,1
67,1
43,0
30,2
47,1
63,1
57,2
0,1
47,1
64,1
0,2
63,1
105,1
71,2
45,2
95,2
17,2
22,2
19,1
32,2
60,1
18,1
48,2
72,2
42,2
25,2
53,2
68,1
43,1
56,2
0,1
49,1
50,2
52,2
48,2
34,2
41,1
49,1
42,2
35,2
31,2
37,2
11,2
52,2
51,1
41,2
63,2
46,2
0,2
67,0
82,2
60,1
63,2
50,1
65,2
24,1
48,2
0,2
73,2
46,2
44,1
45,2
32,2
31,1
31,2
42,2
46,2
39,2
68,1
43,0
8,2
63,1
63,2
52,1
38,2
49,1
37,1
58,1
0,2
53,2
29,2
23,1
5,2
48,2
64,1
56,2
73,2
82,2
41,2
40,2
57,2
60,2
36,1
0,2
71,2
73,2
10,2
60,1
1,1
21,2
1,2
18,2
51,1
46,2
0,2
19,2
45,2
38,1
25,1
29,1
0,1
0,2
38,2
44,2
20,2
63,2
56,2
64,2
8,2
29,2
40,1
13,2
55,2
15,2
41,2
47,1
55,2
3,2
35,2
48,2
82,1
46,1
94,2
15,2
57,2
25,2
39,1
42,2
66,2
58,1
65,2
47,2
36,2
8,2
0,0
51,2
10,2
44,1
58,2
70,1
40,2
69,2
17,1
42,1
36,1
26,1
47,2
36,1
40,2
65,1
17,2
68,1
43,1
38,1
42,2
63,2
40,1
50,1
8,2
26,1
10,2
62,0
39,2
81,2
43,1
61,2
34,2
72,2
55,2
24,0
41,1
17,2
72,1
49,2
45,2
76,2
25,2
98,2
34,1
44,2
22,2
38,2
31,0
47,1
39,1
68,1
45,1
44,2
54,0
37,2
38,2
39,1
16,2
44,2
54,0
22,2
1,2
55,1
16,1
84,1
62,2
57,1
69,1
47,2
39,1
45,2
1,2
40,2
62,2
7,1
76,2
34,1
11,2
39,2
48,1
48,0
33,2
0,2
17,1
12,0
35,1
37,1
77,2
19,2
29,2
35,2
44,0
65,2
31,0
39,2
52,2
72,2
36,0
43,2
78,2
88,2
63,1
15,2
56,2
42,1
29,2
50,1
82,2
34,1
35,2
51,1
9,0
29,1
54,2
56,2
46,2
22,2
70,1
1,2
58,1
37,2
46,2
70,1
45,2
29,2
65,2
57,1
19,2
60,1
61,2
34,2
50,2
54,2
51,2
46,2
62,2
74,2
2,2
39,2
68,1
56,1
16,1
2,2
3,2
45,1
28,1
71,1
38,2
1,1
18,2
49,1
62,1
34,1
86,1
51,2
38,2
45,2
79,1
52,2
44,2
50,1
40,2
51,2
56,2
71,2
18,2
32,1
18,2
30,1
63,2
10,0
41,2
26,2
2,2
63,1
42,1
39,2
0,1
31,2
35,1
62,2
50,2
68,2
21,1
47,2
55,2
20,1
47,2
25,1
32,1
45,2
69,1
36,2
61,0
53,0
6,1
12,1
74,2
74,2
38,2
51,1
42,2
54,2
60,1
20,2
29,2
0,2
48,1
56,1
32,1
39,1
78,2
53,2
73,1
38,2
37,2
58,2
41,1
66,2
51,2
60,1
47,1
55,1
77,1
48,2
49,2
0,1
42,2
36,1
51,1
37,2
56,2
34,2
15,0
41,1
33,2
17,2
58,1
48,2
74,1
34,2
43,0
43,1
32,1
23,2
64,1
29,1
16,1
39,0
31,2
89,2
0,2
16,1
65,1
58,1
32,2
17,1
40,2
41,0
21,2
37,1
46,2
49,0
63,1
52,2
33,2
1,0
0,2
44,0
34,1
37,2
42,2
0,2
51,2
29,2
42,2
25,1
18,1
29,0
11,1
33,0
42,1
49,1
47,0
43,1
39,0
11,2
46,2
30,2
64,1
0,1
46,2
0,2
23,2
55,0
37,1
15,2
44,2
53,1
39,2
8,1
33,2
19,2
58,1
41,2
47,1
50,1
73,2
63,2
39,1
66,1
45,2
42,2
26,1
16,2
48,0
35,1
44,0
31,1
109,1
44,0
11,2
37,1
43,1
43,2
48,1
55,2
44,1
39,2
48,2
0,2
42,1
50,1
50,2
60,1
35,1
56,2
43,1
50,1
38,2
39,1
9,1
38,0
41,2
45,1
64,2
65,1
2,2
11,2
60,2
38,1
18,2
56,2
47,2
45,2
53,1
39,1
36,2
63,1
50,0
52,2
42,2
22,1
60,1
57,2
50,2
0,2
23,2
23,2
63,1
48,1
71,2
18,2
43,2
17,1
22,1
57,2
41,2
55,1
28,0
46,2
46,1
35,2
60,1
70,2
28,2
14,2
52,2
0,2
39,2
35,1
25,1
30,0
48,1
42,2
61,2
61,0
61,1
47,2
47,1
23,2
44,2
43,2
50,2
28,2
36,0
56,0
45,2
64,0
42,0
34,2
29,2
67,2
36,2
77,2
58,2
57,2
37,2
36,2
58,2
0,0
36,2
43,2
41,1
44,0
57,2
65,2
75,1
42,2
0,2
43,0
8,2
67,1
43,1
59,2
0,2
0,1
43,1
8,0
51,2
40,2
12,1
27,1
53,2
60,1
75,2
20,2
54,2
48,2
32,2
82,1
70,1
46,1
27,2
54,2
48,2
50,1
44,2
9,1
25,2
33,2
59,2
71,1
55,2
50,1
62,1
25,2
40,1
42,2
58,2
42,2
27,2
71,0
22,1
2,2
47,2
39,2
54,2
32,2
33,2
25,1
53,1
37,1
48,2
43,1
40,1
46,2
36,1
8,0
45,2
75,1
72,2
16,2
31,2
43,2
69,1
57,2
58,1
43,2
49,1
32,1
33,1
39,2
45,1
21,1
52,1
39,2
49,2
60,1
27,2
18,2
52,1
50,2
50,1
41,1
32,1
24,2
63,1
37,2
56,2
75,2
44,1
44,1
58,1
66,1
50,2
42,1
37,1
32,2
47,1
47,1
21,2
37,2
0,1
50,2
66,2
28,2
0,1
32,2
12,2
49,1
62,0
0,2
19,2
64,1
46,0
46,2
45,1
24,1
50,2
37,2
4,2
51,1
21,2
0,1
1,2
42,1
57,2
32,0
44,1
78,1
14,2
55,1
52,2
13,1
58,1
42,2
19,2
46,2
0,2
34,1
74,1
0,1
25,2
2,1
58,2
27,2
61,1
0,2
54,0
58,2
39,2
49,2
53,2
0,2
0,1
33,2
1,1
23,2
29,1
65,2
47,2
38,2
60,1
35,2
25,1
64,0
31,2
13,1
34,1
50,2
49,1
65,1
35,2
35,2
53,2
43,2
57,1
47,1
82,2
59,2
24,2
64,1
29,2
67,1
31,0
31,2
28,2
33,2
57,2
43,2
42,2
8,2
73,2
23,2
47,1
64,1
43,1
49,2
52,2
45,1
70,2
86,1
32,2
46,1
57,2
30,2
59,2
66,2
56,2
59,2
56,1
38,2
29,1
55,2
32,1
65,2
37,1
65,2
22,2
53,1
41,1
51,2
36,0
37,1
8,2
3,2
3,2
53,1
46,0
18,2
57,1
26,1
73,2
3,1
50,1
59,1
38,1
42,2
21,2
29,1
33,1
31,2
12,2
93,2
49,2
42,2
10,0
40,1
37,1
41,2
32,1
70,1
21,2
34,2
58,2
10,1
60,2
59,2
61,2
73,1
75,2
67,0
6,2
28,1
43,1
49,1
49,2
65,1
27,2
25,2
59,1
65,2
50,2
31,2
9,2
64,2
60,1
29,2
7,2
42,1
29,2
71,2
33,2
39,1
41,1
65,2
46,1
36,1
58,1
45,2
32,1
49,1
10,1
34,1
34,1
31,2
18,2
22,2
46,0
0,2
53,2
23,2
0,2
47,2
25,2
42,2
42,2
17,2
52,1
76,1
39,1
26,2
42,1
68,2
48,1
49,2
43,2
38,2
36,2
45,2
64,2
61,2
58,2
40,0
36,0
38,2
39,1
13,2
9,2
32,2
38,1
37,2
50,2
36,0
42,2
22,1
0,2
56,1
34,2
56,2
10,1
56,0
48,1
60,2
37,0
57,2
64,1
57,2
46,1
30,2
15,2
63,1
38,2
45,0
49,2
63,2
54,2
51,1
68,0
0,1
43,1
51,2
47,1
9,2
83,1
48,1
48,2
11,1
59,1
53,2
8,2
41,2
45,1
2,1
58,2
54,2
27,1
61,0
34,1
33,2
11,0
49,1
38,2
44,1
41,1
9,2
43,2
9,1
68,1
28,1
58,1
38,1
25,2
80,2
26,2
23,2
5,2
27,1
49,2
48,1
19,2
48,2
49,2
63,2
0,2
69,2
53,2
38,1
47,1
40,1
24,1
28,1
57,2
59,1
32,2
45,2
43,2
49,2
42,2
15,2
42,1
63,2
44,2
55,1
43,1
71,1
1,2
67,2
38,2
52,1
35,1
47,2
54,2
57,2
9,2
65,1
34,2
23,2
46,2
29,1
58,1
34,2
42,1
45,0
21,2
50,2
67,1
60,2
36,1
75,2
46,2
24,1
71,1
42,2
6,2
43,2
32,0
35,2
0,1
69,1
50,1
61,0
26,2
38,1
28,1
8,2
35,1
34,1
34,0
49,2
47,2
29,1
60,1
42,1
41,2
47,2
47,1
34,2
45,1
0,1
53,0
29,0
4,1
43,2
2,2
48,1
8,2
13,2
56,2
37,1
50,1
56,2
36,2
44,2
47,1
49,1
22,2
33,2
30,0
28,2
49,2
16,1
63,1
9,2
35,2
28,2
3,1
34,1
60,1
61,2
26,2
60,0
77,1
9,1
48,1
9,2
0,2
1,2
65,1
56,0
44,2
42,2
26,2
49,2
84,0
43,2
20,2
69,1
48,2
58,1
65,0
86,2
67,2
15,2
43,1
27,2
74,0
56,2
44,1
8,2
54,1
78,2
55,0
19,2
87,1
48,1
53,2
32,0
80,2
27,2
46,2
49,1
33,2
28,2
39,2
77,0
42,2
55,2
9,1
60,1
69,2
14,2
48,2
56,2
36,2
69,2
62,1
63,2
61,2
16,1
72,2
49,2
37,1
48,1
33,2
61,1
40,2
64,1
45,1
20,2
25,1
3,2
57,2
49,1
51,2
17,2
45,2
39,0
24,2
5,1
38,2
22,2
56,1
55,1
29,2
58,2
2,2
73,2
16,1
63,0
63,2
50,1
39,0
36,2
65,0
27,2
52,2
24,1
31,2
66,1
49,1
55,2
58,1
37,2
42,1
40,2
25,1
47,2
56,0
26,2
35,2
13,2
58,2
17,0
9,1
48,1
11,2
65,1
7,1
64,2
42,1
43,1
62,1
35,1
41,2
28,1
72,2
0,2
56,2
42,2
36,2
28,2
53,2
34,2
57,0
59,1
68,2
43,1
62,1
29,2
54,2
63,1
0,2
46,1
55,1
2,2
30,1
57,1
13,2
80,1
0,2
7,2
61,1
42,2
48,0
32,0
20,2
50,2
24,1
41,0
24,2
31,2
57,1
41,2
14,2
12,2
40,2
52,0
0,2
32,2
63,1
92,2
39,1
56,2
60,2
64,1
65,2
36,1
14,2
91,0
43,2
25,2
59,2
50,1
49,0
40,1
65,1
53,1
34,2
26,2
1,1
0,1
44,2
0,1
31,2
46,1
30,2
39,2
38,1
29,1
13,2
33,2
30,2
71,1
72,2
38,1
45,2
69,1
18,2
28,1
50,2
30,2
8,1
35,1
59,1
46,2
62,2
60,2
35,1
28,2
49,2
36,1
53,0
50,2
38,2
1,0
39,0
16,2
35,2
32,2
51,1
35,2
68,1
33,1
46,1
38,1
40,1
47,0
26,2
50,2
53,1
51,1
40,1
8,2
7,2
38,2
27,1
35,2
57,1
42,2
49,2
54,1
14,2
48,2
41,2
38,2
0,2
49,2
53,2
18,2
35,1
24,2
66,1
39,2
19,1
42,2
60,1
51,0
11,1
29,1
0,2
78,1
43,2
50,2
59,1
30,1
65,1
55,1
44,0
37,0
37,2
39,1
37,2
68,2
15,2
55,2
26,2
19,2
45,2
75,1
39,2
74,2
23,2
2,2
37,2
50,2
54,1
54,1
38,0
31,0
48,2
15,1
89,1
79,2
34,1
52,2
14,1
77,2
31,1
41,2
49,2
59,1
42,1
35,2
49,2
29,2
43,2
59,2
49,2
52,2
0,0
19,2
59,1
49,1
28,2
65,2
55,1
40,2
66,2
47,2
52,1
31,2
30,2
59,0
44,2
55,2
18,2
35,2
34,2
38,2
28,1
46,2
54,0
92,1
7,1
34,0
16,2
27,1
19,2
45,1
48,1
35,2
40,0
18,2
0,1
70,1
56,1
10,1
48,0
53,2
40,2
47,1
47,2
39,2
32,1
60,1
2,2
25,1
28,2
47,1
34,2
37,2
51,1
40,2
57,2
18,2
24,2
22,2
33,2
44,2
34,2
39,1
45,1
48,2
55,1
0,2
52,2
40,2
36,0
71,2
43,2
77,1
15,1
34,2
92,2
65,2
66,2
22,2
59,2
9,1
60,1
57,1
49,2
25,2
49,2
67,1
36,2
47,0
62,2
10,1
65,1
25,0
35,1
47,2
48,1
62,2
34,2
74,1
56,1
25,1
0,2
43,2
30,1
25,1
30,1
51,0
55,2
3,2
56,1
28,2
75,2
35,2
49,1
52,2
62,0
55,2
65,1
23,2
49,2
28,2
63,2
31,2
0,1
66,1
47,2
5,2
40,2
34,2
56,1
39,0
48,2
9,1
55,2
67,2
45,1
60,2
52,1
36,0
34,1
35,0
53,1
46,0
32,2
50,1
46,1
34,2
97,2
46,1
57,2
2,2
51,1
15,1
40,0
38,1
14,1
43,2
59,2
41,2
44,2
49,1
43,0
13,2
74,2
36,2
57,1
1,1
63,1
74,2
38,2
13,2
42,0
6,2
35,2
80,1
20,2
73,1
54,2
29,0
44,1
45,2
0,2
67,1
61,1
69,2
38,1
58,0
56,0
58,1
17,2
48,2
69,1
39,2
2,2
25,2
43,1
42,2
24,2
22,2
40,1
36,2
42,1
44,2
57,2
20,2
45,2
67,2
25,2
64,2
57,2
61,0
25,2
49,2
12,2
42,2
53,1
58,1
46,1
35,1
42,1
73,0
69,2
40,1
54,1
35,2
43,0
74,2
44,2
24,2
32,0
49,1
21,1
47,1
28,0
45,1
53,1
45,2
48,0
46,1
41,2
80,2
38,2
0,2
45,1
36,2
56,1
71,2
53,1
39,2
8,2
36,1
42,1
56,1
54,2
49,2
46,2
35,2
37,2
51,0
69,2
60,2
46,1
20,2
44,2
27,1
88,1
55,1
17,0
69,2
25,1
31,2
43,1
80,1
57,2
50,1
34,1
43,2
41,2
34,2
56,2
42,2
77,1
8,2
35,1
60,0
0,2
44,2
33,2
63,2
19,0
17,1
60,2
24,2
28,2
42,2
26,1
40,2
15,1
56,1
22,2
23,0
50,2
41,2
67,2
52,2
13,2
46,2
26,2
29,1
62,2
48,2
1,2
0,1
39,2
57,1
42,1
41,2
21,1
54,1
39,1
55,2
47,1
61,1
0,1
18,2
42,2
51,1
71,1
59,2
53,0
47,2
19,2
32,1
26,2
46,1
35,1
65,1
47,2
59,2
40,1
78,1
51,2
41,1
52,1
74,2
42,2
50,1
59,1
53,0
17,2
20,1
30,0
37,2
49,1
63,1
46,1
73,2
36,2
27,2
61,1
52,2
56,1
8,2
42,1
50,1
34,1
63,1
52,1
35,2
43,1
28,1
38,2
49,2
30,1
41,1
0,2
61,2
48,1
10,2
18,2
57,1
44,1
2,2
51,1
57,2
38,1
42,2
61,1
69,2
37,0
24,2
8,1
49,2
68,2
24,2
52,1
82,2
34,1
42,2
50,1
73,2
46,0
39,2
50,1
13,1
33,1
11,1
37,1
55,2
7,2
39,1
54,1
41,1
45,2
42,1
39,2
52,2
33,0
69,2
33,2
16,1
52,2
34,2
50,2
55,2
23,2
28,2
43,0
45,1
33,2
71,1
44,2
40,2
3,2
48,2
45,2
82,1
33,1
71,1
57,2
55,2
62,1
66,2
67,2
17,1
52,2
37,0
10,1
51,1
55,0
40,1
36,2
71,1
38,1
43,1
37,2
50,1
40,2
33,2
32,1
41,1
29,2
59,1
28,1
41,1
33,1
61,1
34,2
32,2
32,2
8,2
9,2
42,1
62,1
29,2
37,2
51,1
34,2
30,1
77,2
40,2
54,2
14,1
11,2
54,2
53,2
69,2
20,2
40,2
36,1
19,2
65,2
67,1
53,1
43,0
0,2
34,1
58,0
70,1
83,2
31,2
37,1
75,2
37,2
52,2
46,1
40,1
53,1
34,0
63,1
53,2
75,2
68,1
55,1
35,2
49,1
27,2
12,1
60,1
49,2
36,2
29,2
27,1
2,2
47,2
22,2
32,1
52,2
37,2
31,1
17,2
37,2
42,2
37,2
48,2
53,1
43,0
28,1
61,2
39,1
62,2
51,2
28,1
12,1
14,2
38,2
42,2
6,2
44,2
43,2
44,2
49,0
56,2
32,2
26,2
73,2
60,0
0,2
41,2
60,0
10,1
43,2
88,2
1,2
39,1
34,2
12,1
34,1
74,1
31,2
27,2
31,1
12,2
39,2
19,1
71,1
56,2
43,1
46,1
58,1
1,1
55,1
19,2
43,0
41,2
9,2
52,1
0,2
24,1
49,1
38,2
76,2
66,2
51,2
41,2
60,2
71,1
61,2
85,0
60,2
0,1
49,2
69,2
41,2
23,2
42,2
45,1
56,1
45,2
28,1
47,2
47,2
32,2
54,0
49,2
44,1
17,2
5,2
66,0
16,1
72,2
39,2
34,1
71,2
34,2
42,2
49,0
43,0
28,1
42,2
53,2
55,1
44,2
32,2
38,2
50,2
1,2
43,2
49,1
7,2
30,2
55,2
41,2
56,2
39,1
3,0
51,2
75,1
53,2
53,2
24,2
33,2
45,2
47,2
63,2
42,2
46,1
78,1
43,1
37,0
8,1
33,2
21,0
53,1
2,2
66,2
34,1
71,2
25,2
32,1
68,1
23,1
7,2
48,2
46,1
64,1
68,1
43,2
62,1
8,0
32,2
66,2
42,2
17,2
39,2
69,1
44,1
36,2
73,2
38,1
60,1
67,1
42,1
54,1
59,2
24,2
46,1
27,2
60,1
26,1
15,2
56,1
34,2
44,1
24,2
40,1
35,2
27,2
49,1
21,1
82,2
49,2
63,1
42,2
57,1
30,1
75,1
44,1
6,2
36,1
41,1
63,2
66,2
0,2
36,2
77,2
34,1
46,2
32,0
48,2
52,1
36,2
30,1
8,1
76,1
12,2
30,2
62,2
71,2
44,2
11,1
27,2
65,2
46,0
43,2
28,2
58,2
44,1
55,2
46,2
28,2
49,2
19,2
0,0
52,1
65,2
63,2
54,0
29,1
24,2
49,2
51,1
42,1
42,0
8,1
49,2
42,2
16,2
8,1
68,1
21,2
42,1
76,2
51,2
2,2
80,2
44,2
3,2
42,1
50,2
1,2
12,2
53,1
55,2
76,1
61,2
45,2
15,2
48,2
40,2
58,1
63,1
59,2
73,1
43,2
30,2
30,2
53,2
48,1
38,0
17,2
10,0
5,1
36,1
65,1
18,2
18,2
44,0
20,1
89,2
0,2
47,0
0,2
39,1
47,2
54,2
60,2
48,2
88,2
0,2
44,0
43,1
11,0
80,1
40,2
46,2
31,1
59,1
29,2
60,2
32,2
71,1
1,1
68,2
19,2
1,0
67,2
28,2
35,2
29,2
46,2
28,2
32,2
47,2
52,0
2,1
73,2
0,1
51,2
21,2
39,2
45,1
67,2
64,0
45,0
88,2
33,2
47,1
38,1
23,2
45,1
22,0
18,2
61,0
59,1
73,1
29,1
50,2
43,2
57,2
10,2
10,2
1,1
36,2
54,2
22,2
41,1
11,1
44,1
49,1
33,2
45,2
45,2
57,2
55,0
46,2
63,2
44,2
62,0
5,1
63,2
14,2
55,2
41,2
44,1
22,2
39,2
71,0
44,2
54,1
85,0
25,1
49,2
57,1
35,2
45,2
10,1
43,2
54,1
79,0
59,2
56,2
37,2
38,1
24,2
74,2
45,2
52,1
50,1
0,1
1,2
35,2
18,1
31,2
22,2
23,2
17,2
39,2
56,2
55,2
68,2
40,1
45,2
48,2
42,2
85,2
19,2
43,1
81,1
65,2
1,1
8,2
26,2
41,1
0,1
0,1
54,1
2,2
0,2
33,2
63,1
31,1
48,1
18,1
31,2
59,2
27,2
40,2
32,2
26,1
56,1
49,2
25,2
21,2
27,2
59,1
63,2
94,2
27,1
23,2
4,2
74,2
74,2
82,1
48,1
0,2
3,2
35,2
51,2
41,2
66,2
56,2
45,2
52,2
37,2
65,2
1,1
72,1
33,2
48,1
45,0
64,2
36,2
53,1
13,2
57,2
19,2
10,2
29,2
45,2
42,2
48,1
66,2
45,2
53,1
40,2
57,1
65,1
50,2
70,2
49,1
23,2
37,2
1,0
45,2
63,2
59,1
42,0
7,2
57,2
25,1
35,1
74,1
92,2
70,0
29,2
55,2
38,1
63,2
67,2
42,2
0,1
63,2
67,1
62,2
43,2
92,2
37,2
51,1
35,0
45,2
8,1
0,2
75,2
8,2
19,0
49,1
53,1
0,2
21,0
67,2
0,1
55,1
17,2
54,2
17,2
46,2
44,2
66,2
44,1
49,1
51,1
49,1
48,2
76,1
69,0
40,2
40,2
40,1
36,1
43,1
60,1
51,1
18,0
0,2
45,2
60,2
75,1
46,2
56,2
24,1
47,2
51,1
33,1
44,2
42,1
68,2
48,2
66,1
58,2
62,1
29,2
43,2
39,2
5,1
16,2
54,2
73,1
58,2
44,2
66,2
0,2
52,0
44,2
37,2
26,1
41,2
42,2
41,1
35,2
46,2
75,1
37,1
15,2
58,1
38,2
42,1
64,0
46,1
36,2
66,2
5,1
20,2
90,1
41,0
47,1
52,2
63,0
14,2
34,2
41,2
38,2
64,2
33,1
64,0
49,0
38,2
64,1
30,2
67,2
1,0
76,1
48,2
92,2
66,1
49,2
57,0
38,1
59,2
44,2
38,1
24,1
0,2
77,2
37,2
51,1
68,2
39,1
40,1
39,1
19,2
59,1
38,2
60,2
37,2
41,2
30,0
59,2
49,2
58,2
52,1
32,2
43,1
67,1
48,1
31,1
41,2
42,2
3,1
49,2
22,1
15,1
21,0
46,1
54,2
42,2
51,2
38,2
35,2
70,1
73,1
31,1
48,2
41,2
24,2
21,2
56,2
72,2
49,2
33,1
73,1
53,2
50,2
47,2
60,1
34,2
40,1
7,1
53,2
63,2
50,1
51,1
46,1
68,2
31,1
33,2
35,1
81,1
69,1
40,1
53,2
42,1
31,0
11,0
31,1
55,1
9,2
34,2
54,1
57,2
49,2
25,2
65,1
60,1
43,2
46,2
45,2
42,2
18,2
72,2
15,0
27,2
64,2
39,2
42,2
48,2
31,2
41,1
69,1
43,0
45,2
65,0
71,1
49,1
47,2
33,2
42,1
27,2
33,2
3,1
42,2
47,0
41,2
49,2
45,1
57,1
32,1
48,2
1,2
54,2
7,2
42,2
63,2
41,1
68,2
49,2
74,2
26,1
66,2
43,2
24,2
36,2
69,1
33,1
14,1
28,2
69,1
29,2
37,2
65,1
19,2
52,2
20,2
45,1
49,0
54,2
31,1
45,2
39,1
52,2
58,1
48,1
52,1
59,1
52,2
9,2
73,1
39,1
44,1
56,1
40,0
53,2
79,1
42,1
29,2
44,0
39,2
35,2
56,1
42,0
30,2
59,2
44,2
21,1
44,2
43,2
17,2
46,1
70,2
14,2
38,1
55,1
6,2
38,1
52,2
42,2
54,2
20,2
66,2
27,2
39,1
57,1
38,2
49,2
53,2
57,2
17,0
39,2
56,0
42,1
47,2
56,1
32,1
19,2
35,1
57,2
66,2
64,1
9,2
20,2
57,2
73,2
38,2
41,2
45,2
42,2
50,2
43,0
30,2
26,2
53,2
8,2
49,2
29,2
25,2
53,2
88,1
60,2
36,2
40,1
27,1
1,2
43,1
47,2
49,2
60,1
35,2
48,2
44,1
79,2
55,1
38,1
18,2
73,2
67,2
40,0
67,1
53,2
47,1
72,2
56,1
19,2
7,2
38,2
72,2
41,2
61,2
21,2
44,2
18,2
63,1
43,2
10,1
60,1
25,2
57,0
1,1
68,2
16,2
55,2
72,1
50,1
24,1
29,2
45,0
17,1
61,1
62,2
52,2
8,2
74,2
52,1
36,2
71,0
35,1
0,2
39,1
35,2
88,2
34,0
70,1
50,2
37,2
70,1
40,2
87,2
34,2
41,1
66,1
1,2
35,0
57,2
47,1
18,2
52,1
60,2
45,1
30,1
46,2
0,2
17,2
35,1
50,1
49,2
56,1
49,1
45,1
40,0
56,2
43,1
34,1
1,2
26,2
43,1
56,1
58,2
66,1
66,1
26,1
75,1
34,1
44,2
78,1
54,2
47,0
43,1
46,2
35,1
43,2
29,2
70,2
65,2
52,2
48,2
19,2
67,2
4,2
24,1
36,2
37,2
48,2
24,2
59,1
54,2
50,1
41,1
58,1
67,0
34,2
54,2
25,2
62,1
67,1
39,1
56,2
51,2
34,2
47,2
48,0
50,1
53,2
29,1
30,2
1,1
36,1
22,1
66,2
42,1
53,2
32,1
44,1
46,1
0,2
43,1
15,2
66,0
43,2
23,1
47,2
42,2
28,1
36,1
45,2
36,2
25,1
43,1
36,2
59,1
66,0
30,0
29,2
0,0
35,2
37,2
39,2
55,2
29,0
50,2
30,2
43,1
51,2
59,0
48,1
55,1
54,1
54,2
44,1
26,2
107,1
42,2
0,2
4,2
31,2
46,0
36,1
46,1
68,2
47,1
34,2
50,1
36,1
53,2
63,2
68,2
56,2
50,2
15,2
46,1
50,0
76,1
86,1
73,2
36,1
0,0
43,0
34,2
39,1
40,1
47,1
47,1
42,1
53,2
0,2
42,2
42,2
10,1
19,1
3,2
47,2
8,2
54,0
55,2
21,2
31,2
63,1
0,2
84,2
28,2
43,2
39,2
37,2
27,2
61,2
83,2
59,1
48,1
67,2
43,2
32,1
58,2
47,1
36,1
53,2
61,2
39,2
57,1
9,2
12,1
22,1
0,1
36,1
31,2
36,0
58,1
55,1
44,1
54,1
60,2
50,1
55,1
39,2
11,1
40,1
65,0
69,2
28,2
54,1
38,2
17,1
5,2
43,2
44,1
52,0
55,1
54,1
48,2
36,1
79,1
43,0
48,2
44,2
13,2
26,1
21,2
55,1
59,1
57,2
0,1
51,0
42,2
47,2
32,1
24,1
0,2
51,2
62,0
2,2
48,0
55,1
66,1
61,0
36,1
53,2
76,1
9,2
37,1
59,2
63,2
9,1
43,2
40,0
39,2
54,2
44,1
32,2
41,1
43,1
25,1
12,2
58,0
7,0
1,1
39,2
13,1
19,2
43,1
66,0
18,2
14,1
63,0
64,2
1,1
45,1
47,2
55,2
47,1
75,0
1,2
50,1
41,2
53,1
0,2
29,2
66,1
1,1
45,2
65,1
23,2
32,0
48,2
60,0
17,2
29,1
57,2
44,1
66,2
37,2
56,2
69,1
48,1
33,2
59,2
57,2
3,1
30,0
61,1
58,2
64,1
28,2
52,1
8,2
49,2
9,2
11,2
70,2
0,2
65,2
40,0
18,2
30,2
9,2
47,2
31,0
65,1
34,1
83,1
16,1
22,1
14,2
48,1
63,1
37,2
38,1
0,2
58,1
53,1
36,1
44,1
35,0
0,2
9,1
49,1
25,2
54,2
2,1
78,1
66,2
46,2
37,2
0,1
33,2
9,2
55,1
42,2
52,2
27,2
14,2
15,2
46,1
32,1
34,1
63,2
50,1
74,1
35,2
69,2
36,1
24,2
48,2
52,2
34,2
27,1
47,2
48,1
58,0
47,2
57,2
36,1
53,2
45,2
37,2
35,2
46,2
32,1
36,2
45,2
67,2
53,2
34,2
44,2
19,2
65,1
45,2
41,2
21,0
80,2
59,1
53,1
63,0
26,2
42,1
44,2
39,0
22,1
61,2
1,2
36,1
0,2
54,1
58,1
49,2
60,1
35,1
75,1
51,2
72,1
49,0
9,2
17,2
0,0
55,1
24,1
52,2
33,2
39,2
39,1
60,0
46,1
69,1
44,2
33,2
41,1
43,0
39,2
32,2
82,2
29,2
53,1
53,2
0,2
5,2
4,1
51,2
51,2
40,2
1,1
21,0
30,1
40,2
30,2
11,1
53,1
53,2
65,2
65,1
46,2
34,0
73,2
71,1
27,1
42,1
41,2
65,2
59,2
54,0
59,0
55,1
88,2
53,1
64,0
76,2
39,2
48,2
43,2
56,1
75,2
38,2
4,0
63,2
49,1
10,1
9,2
43,1
58,2
38,2
55,2
35,1
22,2
34,2
34,2
28,2
34,0
24,2
25,1
60,1
24,1
55,2
14,0
64,0
69,0
70,2
15,0
73,1
42,2
40,2
40,1
17,2
56,0
58,2
36,1
30,1
38,1
0,1
31,2
61,2
23,1
25,1
40,2
36,2
25,1
46,1
51,1
56,2
12,2
59,0
43,1
39,2
27,2
62,1
62,2
40,1
78,2
37,2
9,2
0,1
35,1
26,1
39,1
66,1
50,2
41,2
69,1
84,1
0,1
35,2
53,2
62,1
19,2
36,2
23,2
36,0
44,2
50,1
12,2
7,1
35,2
55,2
40,2
36,2
46,2
76,2
49,2
50,2
36,2
34,2
70,0
47,0
60,2
19,1
55,2
59,2
26,2
98,2
40,1
72,1
11,2
51,2
40,1
53,2
26,2
50,2
48,0
37,1
19,2
30,0
55,1
33,2
55,2
63,2
0,2
8,2
51,1
55,1
29,2
39,2
25,2
53,1
40,2
68,2
60,2
53,2
14,2
50,0
34,2
59,1
75,2
4,2
8,2
35,2
0,1
36,2
41,2
68,1
33,1
47,2
47,1
63,0
46,1
40,2
48,2
46,2
0,0
65,0
19,2
77,2
25,2
8,2
6,1
8,0
33,2
21,2
24,1
52,1
36,2
37,2
54,0
52,2
52,2
58,0
36,2
8,1
45,0
39,2
56,1
49,2
61,1
18,2
43,2
20,2
41,1
53,2
44,2
33,2
51,1
81,1
64,2
47,2
16,1
81,1
61,2
45,2
36,1
15,2
41,2
0,2
76,1
64,1
58,1
60,0
31,1
42,1
36,0
46,1
70,2
46,2
34,1
2,2
61,1
56,2
45,2
61,1
28,2
41,1
52,2
14,1
70,1
45,2
2,2
39,1
56,1
22,2
52,0
8,2
58,1
16,1
74,2
59,1
58,2
39,1
57,2
22,1
41,1
47,1
47,2
35,2
68,1
55,2
64,1
46,2
64,1
49,2
51,2
54,0
57,1
46,2
48,1
47,1
36,2
51,1
58,1
34,2
7,1
96,2
27,2
28,2
53,2
33,2
71,2
52,2
37,2
80,2
28,2
54,1
27,2
34,1
22,2
54,1
48,1
73,0
59,2
49,1
69,1
46,1
77,1
68,1
75,1
51,2
61,2
0,2
28,2
64,2
53,1
70,2
61,1
46,0
52,2
59,2
64,0
45,1
4,1
52,1
63,1
10,2
34,2
58,2
9,1
74,1
56,2
53,2
58,1
60,1
45,2
39,1
16,1
55,2
68,1
50,2
42,1
26,2
30,2
49,1
0,2
45,2
41,2
14,2
49,1
44,2
0,2
20,2
60,1
43,1
57,2
42,1
57,2
3,2
31,2
38,1
28,2
49,1
66,2
52,1
53,1
41,2
26,2
21,2
30,2
26,1
60,2
67,1
0,2
44,1
36,2
23,1
37,2
42,2
53,0
58,2
43,2
39,1
72,1
0,1
36,2
28,1
56,1
51,2
4,2
56,2
34,2
90,1
44,1
42,2
59,2
31,2
48,2
3,1
27,1
55,1
62,1
8,2
59,1
25,2
39,1
42,2
8,2
43,0
36,2
1,0
57,1
1,1
16,1
49,2
71,1
50,1
9,2
48,1
26,2
40,2
5,2
1,2
19,2
0,2
50,1
59,1
25,2
50,1
42,2
50,1
8,2
26,1
33,1
25,2
0,2
79,2
40,1
26,1
0,2
39,2
24,1
70,1
54,2
61,2
18,2
108,2
73,2
56,1
18,2
80,2
49,1
42,2
8,0
33,1
22,2
66,2
52,1
7,1
9,2
59,2
55,2
36,2
76,2
51,2
56,2
1,1
61,1
82,2
24,1
60,2
72,2
50,2
42,2
62,2
30,1
40,1
52,2
66,2
46,2
47,1
43,2
37,1
53,2
30,1
34,1
5,2
57,2
57,1
37,2
71,1
31,1
20,2
44,2
41,1
23,2
32,1
41,1
52,1
52,1
69,1
61,2
53,2
8,2
41,2
24,2
18,2
44,1
62,2
10,2
62,2
39,0
51,1
48,1
57,2
52,1
0,1
56,2
27,2
53,2
23,2
23,2
94,2
33,2
33,2
25,2
60,1
64,2
57,2
48,2
44,1
21,2
51,1
27,1
10,2
0,0
60,2
54,2
49,0
54,2
39,1
66,0
65,2
53,2
47,2
67,2
33,2
52,2
68,1
38,2
48,1
62,2
6,1
24,2
26,2
53,2
68,1
56,2
55,0
44,2
71,1
3,2
16,1
38,2
50,1
40,2
40,2
60,2
24,0
33,1
67,2
66,1
85,0
61,1
51,1
72,1
6,0
1,2
47,1
83,1
27,1
48,2
30,2
51,2
40,2
67,2
47,1
54,1
0,2
69,0
59,1
65,0
73,2
23,0
16,2
39,1
66,0
60,2
50,1
22,2
30,2
32,2
19,1
16,2
62,2
61,2
50,1
20,0
45,1
44,2
73,2
4,2
48,2
75,1
0,2
14,2
69,2
78,2
47,2
48,1
49,0
33,1
59,2
76,2
53,2
26,2
29,1
65,2
15,2
8,2
63,0
17,2
70,2
49,1
33,2
76,2
37,0
54,1
61,2
33,2
56,0
0,1
52,2
22,1
64,2
24,1
67,0
44,1
54,1
29,1
40,2
37,1
37,2
43,1
25,2
36,0
2,2
27,2
0,2
53,1
57,2
29,1
47,2
40,2
1,2
64,2
64,2
0,1
40,2
42,2
53,1
46,1
56,1
66,2
52,2
42,1
53,2
59,2
34,2
48,2
60,1
67,2
51,1
47,2
0,2
0,2
28,2
54,2
59,1
35,2
61,1
33,0
35,2
43,2
27,0
36,2
34,2
38,2
40,1
58,0
68,2
36,2
18,2
46,1
18,2
49,2
63,2
46,2
19,2
59,2
48,1
34,2
8,2
57,0
36,1
59,1
42,1
36,1
47,0
17,2
6,2
44,2
25,1
58,2
49,2
29,2
47,1
34,0
92,1
56,2
1,2
36,2
59,0
36,2
31,2
51,2
2,2
23,2
37,2
47,2
53,1
50,2
30,1
38,2
20,1
42,2
54,1
42,2
39,2
29,2
4,2
25,2
36,2
21,2
32,2
38,1
21,1
67,1
28,2
35,2
42,0
53,2
58,2
58,0
48,1
52,2
43,2
45,2
42,1
72,2
41,2
35,1
56,1
67,2
49,2
41,2
43,2
18,2
61,1
57,1
56,2
42,1
68,2
0,2
64,2
64,1
77,2
0,2
39,1
36,1
3,1
9,1
56,2
37,2
11,1
60,0
31,2
67,0
53,2
42,2
51,2
68,2
39,2
51,1
61,0
65,1
35,0
3,2
61,2
37,2
42,2
49,2
35,2
0,2
51,2
47,0
35,2
60,2
50,0
84,1
63,2
26,2
59,2
30,2
62,2
65,2
2,2
40,2
44,2
43,0
38,1
33,2
1,2
20,2
22,2
68,1
35,1
25,1
31,2
26,1
24,1
41,1
15,2
46,1
18,0
55,1
68,2
17,2
45,2
69,2
52,2
33,2
11,2
89,1
70,2
33,2
53,1
62,1
62,2
43,2
58,2
15,2
35,2
42,2
7,2
28,2
52,1
80,1
18,2
0,1
30,2
32,2
46,2
50,1
58,2
33,2
23,0
24,1
88,2
43,0
11,2
34,0
54,1
39,0
20,2
55,2
58,2
63,1
25,0
25,0
18,2
17,2
26,1
34,2
40,1
29,2
29,2
52,2
41,2
32,2
67,1
52,2
9,1
36,0
56,2
0,2
30,2
39,2
43,1
46,2
38,2
23,2
63,1
51,2
27,2
35,2
38,2
47,2
60,2
45,0
46,2
50,2
54,2
91,2
72,1
52,0
21,1
46,1
19,2
33,2
36,0
56,1
41,2
54,0
72,1
39,2
42,1
50,2
50,1
33,2
64,2
10,0
40,2
54,1
62,1
62,1
48,1
65,2
53,0
40,1
60,1
33,2
47,2
36,1
44,1
52,2
38,0
48,2
56,2
37,1
47,2
11,2
73,2
36,1
0,2
40,2
8,2
0,2
24,2
69,2
60,2
51,2
32,2
45,2
36,2
38,1
23,0
49,1
59,2
50,1
58,2
51,1
41,1
16,1
45,2
18,2
47,1
67,2
62,2
17,2
53,1
48,2
49,1
38,1
50,2
18,2
43,2
54,1
42,2
45,2
56,2
77,1
19,2
62,2
40,1
27,1
37,2
12,1
35,2
1,1
75,1
68,2
59,2
37,2
43,1
40,1
65,2
31,2
42,2
34,1
43,2
60,1
11,2
14,0
34,2
35,2
62,1
24,1
56,1
35,2
36,1
11,2
21,1
8,2
51,1
68,2
52,2
42,1
18,2
39,1
50,1
19,1
34,2
61,1
12,2
39,1
35,2
65,2
76,1
59,2
43,1
68,1
51,1
28,2
84,1
49,1
35,1
65,1
0,1
29,1
45,2
44,2
71,1
57,2
46,0
57,2
19,2
35,2
32,2
59,2
48,1
27,2
59,2
55,0
56,2
33,2
73,2
58,2
0,1
36,1
48,1
62,1
38,1
0,1
26,2
35,2
16,2
26,1
72,2
26,1
46,1
60,0
29,1
44,2
12,2
61,1
38,1
10,1
36,2
24,2
57,2
55,2
63,2
33,2
57,1
52,2
59,2
60,0
46,1
26,1
34,2
14,2
31,1
62,2
42,1
31,2
64,1
51,1
17,2
47,0
1,1
43,2
37,1
54,2
37,2
47,1
60,2
65,1
21,2
31,1
42,2
35,2
63,0
53,1
27,2
2,1
53,2
0,2
42,1
34,2
54,2
37,1
68,1
48,2
76,1
50,2
66,2
31,2
28,2
45,1
44,1
42,2
17,2
57,1
59,2
18,2
25,1
21,2
66,1
40,1
56,1
53,2
40,2
18,2
50,1
63,1
40,2
84,2
9,2
49,2
40,1
52,2
59,2
33,1
60,0
87,0
40,2
38,1
1,2
44,1
39,2
34,2
48,2
53,0
44,2
1,2
47,1
53,2
97,2
25,1
56,1
38,2
54,1
17,2
62,2
39,1
36,2
25,2
56,1
39,0
25,2
55,2
56,1
62,1
46,2
11,2
54,1
41,2
8,2
69,2
41,1
57,2
49,2
21,2
42,2
44,2
53,1
0,2
18,2
40,1
58,2
59,2
61,2
54,2
41,1
69,0
0,1
63,2
62,2
47,2
82,1
53,1
58,0
4,2
83,2
14,1
27,1
51,2
47,2
41,2
56,2
51,2
62,1
51,2
11,2
51,2
62,2
4,2
9,2
29,2
16,2
39,1
58,2
48,2
56,0
30,2
59,2
58,1
40,1
30,2
0,2
44,1
74,1
25,2
42,2
24,1
67,2
16,2
34,1
3,2
37,1
44,2
46,1
68,2
34,1
62,1
49,2
68,2
44,2
22,2
46,2
56,2
42,1
52,0
27,2
84,1
43,1
63,2
35,0
24,1
54,1
59,1
50,1
35,0
78,2
25,1
55,1
44,1
63,1
46,1
0,2
41,2
10,2
39,2
59,1
79,1
59,1
46,2
44,2
34,1
17,2
46,2
61,0
44,1
42,1
50,1
36,2
61,2
67,0
0,1
54,2
46,2
37,2
52,2
62,1
48,2
51,2
67,1
1,2
53,2
68,0
54,0
34,2
47,2
41,2
61,1
64,2
57,1
13,1
36,2
54,2
13,2
67,2
51,1
50,1
49,2
43,0
35,2
29,2
41,2
55,1
70,1
59,1
44,2
46,2
25,2
31,1
2,2
48,1
2,1
75,0
49,2
29,2
53,1
47,2
51,1
30,2
30,1
35,1
31,1
66,0
42,1
10,2
44,2
56,1
55,1
49,2
29,2
61,2
60,1
9,1
16,2
21,2
1,1
24,1
43,0
38,2
55,2
35,1
42,1
18,1
5,2
50,2
47,2
29,0
30,2
51,1
9,2
20,2
22,2
64,0
57,0
71,1
44,1
68,1
28,1
69,2
43,2
76,1
38,2
44,1
58,1
33,2
19,2
55,1
76,2
50,2
0,1
37,1
48,2
60,1
58,2
15,2
65,0
44,1
44,2
23,2
55,2
48,2
79,2
17,0
57,2
43,2
64,1
46,1
18,2
38,2
29,2
47,1
21,2
36,2
39,2
0,2
63,2
60,2
39,1
65,1
34,0
33,2
30,1
71,1
41,1
57,2
40,2
61,1
58,2
47,2
77,2
61,2
49,1
70,1
27,1
36,1
48,2
47,1
78,2
44,1
25,1
1,2
45,2
42,1
45,1
48,1
36,2
34,2
36,2
20,2
58,1
34,0
1,2
98,2
81,2
64,2
54,2
44,2
37,2
40,2
54,2
68,1
35,2
82,1
44,0
41,1
33,2
41,2
53,2
2,2
56,1
33,2
35,1
36,1
43,1
39,2
10,2
19,0
64,1
31,1
33,2
46,1
25,2
48,1
69,2
46,1
61,0
11,2
50,1
9,1
33,1
26,1
43,1
46,1
31,2
61,1
41,2
45,2
46,1
62,2
39,2
39,2
54,1
45,2
11,1
58,1
23,2
69,2
33,2
47,0
42,0
55,1
39,2
51,1
42,1
68,1
33,1
82,1
48,2
18,2
52,2
42,1
14,2
62,1
46,2
29,2
49,1
28,2
61,2
73,1
63,1
25,2
32,2
16,2
54,1
53,2
64,1
37,2
36,2
51,1
62,2
60,1
22,2
29,1
36,2
50,1
85,1
29,2
30,2
39,2
35,1
38,1
15,2
6,2
11,2
40,1
0,2
45,2
60,1
59,2
9,2
0,2
79,2
45,1
32,2
73,2
76,2
51,1
31,2
0,1
69,1
6,2
71,1
16,2
33,1
18,1
46,0
44,2
26,1
49,2
60,2
39,2
41,2
0,1
49,2
72,2
16,2
53,2
32,2
5,1
61,1
36,2
72,1
42,2
78,2
31,1
12,1
48,2
62,0
77,1
33,1
32,2
35,2
32,2
8,2
68,1
51,2
82,1
35,1
48,2
0,2
49,1
10,0
67,1
58,1
28,2
9,2
41,1
1,1
21,2
37,2
54,0
69,2
29,2
0,2
33,2
77,2
48,1
32,0
38,1
51,2
38,0
32,2
27,0
48,1
46,2
7,1
58,2
59,1
44,2
46,0
40,2
40,1
52,2
67,2
15,2
63,1
42,2
66,2
42,2
49,1
43,2
22,2
59,1
40,2
58,2
37,1
25,2
74,1
41,1
59,1
35,2
47,1
56,2
35,2
18,2
40,2
37,1
41,1
87,1
64,1
71,2
28,2
76,1
39,2
55,2
32,2
31,2
36,1
46,1
57,2
38,2
47,0
46,2
36,1
52,2
0,1
0,2
59,1
2,2
51,2
64,2
82,2
41,2
45,2
33,1
40,2
48,0
40,2
57,2
32,2
56,1
39,1
11,2
63,1
40,0
20,1
47,2
35,1
43,2
66,2
72,2
22,2
58,1
37,2
12,2
37,2
78,2
66,2
1,2
33,2
62,2
44,1
52,2
0,1
48,1
73,2
31,0
38,2
35,2
52,2
67,0
16,2
47,1
36,1
45,2
5,2
34,2
23,1
67,2
32,1
70,1
0,1
61,2
42,2
23,2
49,2
39,1
56,2
65,1
43,2
68,2
44,2
16,2
52,1
30,2
59,2
8,0
44,0
41,1
69,1
79,1
84,2
38,1
77,2
10,2
2,0
33,2
29,2
65,2
51,2
36,1
0,2
8,2
58,1
46,1
50,2
44,2
28,2
36,2
36,2
64,2
51,2
38,2
27,2
41,2
10,1
72,1
56,2
71,2
70,0
82,1
69,2
24,2
57,1
59,1
54,2
46,2
24,1
49,1
58,2
50,2
23,2
15,1
33,0
31,1
39,2
31,1
24,2
34,1
45,2
22,2
29,2
38,2
27,1
31,2
42,2
44,2
16,2
51,1
15,1
63,1
42,1
35,0
63,1
49,1
0,2
33,0
28,2
67,1
2,2
40,2
64,1
52,2
23,2
37,2
57,1
42,2
69,1
29,0
37,1
50,1
66,2
41,1
67,2
54,2
9,2
46,2
58,2
35,1
53,2
39,2
58,1
43,2
61,2
14,2
47,1
25,2
38,1
52,2
40,2
22,2
58,1
33,2
72,2
55,0
57,1
84,1
63,2
21,1
20,0
71,1
42,2
29,1
45,2
44,2
52,2
50,1
51,2
14,2
44,2
71,2
23,1
47,1
41,1
52,2
46,2
60,1
70,1
94,2
48,1
51,2
49,2
57,2
40,2
22,2
46,1
22,2
42,1
64,2
18,1
31,2
74,2
34,1
14,2
65,1
8,0
40,1
42,1
39,2
31,2
43,1
40,2
46,2
67,2
40,1
45,1
52,2
39,1
71,0
60,2
4,2
20,2
64,2
47,2
10,2
56,1
39,2
66,2
5,1
68,2
18,2
0,2
43,1
58,2
83,2
48,2
18,1
43,1
29,2
46,1
33,2
47,0
37,2
32,2
29,1
43,1
61,1
51,2
53,2
44,2
40,2
54,0
8,1
42,1
53,2
27,2
43,0
65,1
29,2
42,2
21,2
51,1
54,1
48,2
37,1
73,2
65,2
30,1
42,1
37,2
57,2
41,1
23,2
31,2
18,2
56,2
61,1
37,2
37,2
42,2
42,2
35,1
1,2
59,2
12,2
32,2
44,2
42,1
27,2
70,2
33,2
25,1
10,2
71,0
27,2
56,1
26,2
43,1
50,1
40,1
44,2
90,2
0,2
31,1
36,1
2,1
25,1
50,2
41,2
59,2
8,2
41,2
60,1
19,2
58,2
9,2
26,1
58,1
61,2
37,2
7,1
68,2
51,1
8,0
37,1
59,1
42,2
70,1
45,2
45,1
55,2
29,1
34,1
54,2
1,2
31,1
45,2
18,1
68,2
67,1
56,1
28,1
44,1
39,2
57,1
43,2
46,2
57,2
41,1
62,0
8,2
0,2
62,2
43,1
38,0
57,2
40,2
36,2
38,1
78,2
53,2
43,2
20,0
72,1
74,0
29,2
52,2
49,1
8,1
63,0
37,2
0,0
50,1
40,1
39,2
24,1
43,1
26,2
42,1
67,2
38,2
46,1
31,2
51,0
51,0
26,0
20,1
41,2
57,2
61,2
37,0
18,2
46,1
57,2
50,1
49,1
71,1
48,1
35,2
60,2
52,2
42,1
81,1
57,2
60,0
43,2
50,0
65,1
0,1
30,2
34,2
31,2
30,1
3,1
43,1
19,2
12,2
45,1
37,2
18,2
16,2
45,2
32,1
38,2
0,2
51,1
44,2
68,2
36,2
57,1
39,2
10,2
4,2
56,1
6,1
93,0
60,2
63,2
0,2
31,2
30,1
45,1
23,2
39,0
59,2
47,2
68,2
37,2
38,2
34,2
12,1
59,2
38,2
29,2
29,1
49,2
47,2
37,1
37,1
29,1
33,2
67,2
40,1
37,2
33,2
16,2
51,1
25,1
32,0
59,1
34,0
49,2
11,2
49,2
70,1
71,1
30,2
68,1
0,1
53,1
44,2
47,2
62,2
24,1
18,2
65,2
71,2
93,2
60,1
37,2
37,2
65,2
42,2
65,2
46,1
36,2
60,1
58,1
68,2
45,2
48,2
29,1
81,1
36,1
25,2
37,2
56,1
55,2
59,1
38,2
56,1
30,1
77,2
65,2
48,2
35,2
45,2
29,2
33,2
31,2
70,1
45,2
40,2
54,1
68,1
37,2
6,2
9,2
76,2
16,2
73,0
44,2
76,1
70,2
53,2
55,1
28,2
0,1
40,0
77,2
52,2
63,1
31,2
55,1
42,2
45,2
34,0
17,2
7,2
69,1
38,2
83,1
64,2
64,1
30,1
51,1
47,2
34,2
29,1
55,1
15,1
66,1
61,2
51,2
19,2
33,2
43,1
42,1
52,2
65,2
27,1
56,2
18,2
13,2
19,2
4,2
52,1
40,2
30,1
78,2
7,2
39,1
1,2
58,2
47,1
36,1
28,2
35,2
0,1
9,2
46,1
44,1
38,0
38,1
55,2
56,1
39,2
56,2
65,2
35,1
36,1
60,2
40,2
32,1
38,2
37,1
37,2
25,1
9,1
26,2
52,2
54,1
74,1
23,2
46,1
34,2
50,2
75,1
60,1
61,2
30,2
12,2
54,1
49,2
43,2
71,0
1,2
48,1
43,2
48,2
0,1
52,1
57,0
0,2
79,1
26,2
45,0
7,2
64,1
42,2
1,1
37,2
35,1
7,1
36,1
22,2
38,2
24,2
25,2
42,2
51,1
44,1
31,2
25,2
36,1
27,1
57,2
0,2
30,2
45,2
55,2
36,2
39,2
80,2
53,1
40,0
64,2
49,1
58,2
46,2
46,2
52,2
62,1
49,1
86,2
21,2
49,1
61,1
27,1
33,0
70,2
12,1
63,2
49,1
60,1
4,2
37,1
37,1
28,1
36,1
68,1
67,2
37,2
49,2
47,2
44,2
38,2
21,2
33,1
44,1
54,1
46,2
73,2
67,1
52,2
46,2
73,1
49,2
45,0
44,1
21,2
60,2
25,2
67,0
35,2
34,2
53,1
30,1
60,2
22,1
80,1
67,2
54,2
52,1
31,1
40,0
64,1
80,1
41,1
39,2
34,2
55,2
22,2
31,2
29,0
46,2
63,1
63,1
1,0
3,2
55,2
59,1
28,2
53,2
63,0
62,2
71,2
50,2
61,2
27,2
68,2
64,0
0,1
38,2
49,1
81,2
62,2
42,2
57,1
34,2
42,2
50,2
5,2
8,2
29,2
26,2
69,1
45,1
83,2
39,1
66,2
14,2
55,1
34,1
59,2
53,2
51,1
62,1
58,2
37,2
37,2
24,2
28,2
0,2
40,2
37,2
54,1
11,0
50,1
42,1
39,2
51,1
51,2
42,2
59,2
46,2
32,0
43,1
0,2
31,1
41,1
35,2
63,1
44,2
43,2
30,0
45,1
56,2
37,2
35,1
10,2
36,1
30,1
17,2
24,2
36,2
61,2
69,2
23,1
83,0
40,2
49,1
56,2
39,0
36,1
50,2
47,2
61,1
28,1
55,2
45,2
9,0
30,2
26,1
30,1
32,2
23,1
33,2
29,1
29,2
18,2
50,1
43,1
51,2
67,2
62,2
8,2
13,2
67,2
48,1
19,2
43,0
60,1
39,0
46,2
53,2
20,2
44,1
43,1
0,2
51,2
42,1
52,1
1,2
65,2
16,2
40,1
23,2
9,1
26,2
40,2
61,1
36,1
36,2
54,2
36,2
8,1
4,2
38,2
22,2
45,1
34,2
44,1
42,2
48,2
51,2
45,2
64,1
57,1
42,2
67,0
48,1
70,2
66,1
27,2
63,2
44,0
10,2
39,1
48,2
50,2
21,2
27,1
34,1
39,2
64,0
69,2
47,0
45,1
43,1
24,0
34,2
51,2
41,2
66,2
46,2
29,2
0,1
36,2
40,2
22,2
12,0
80,2
58,1
46,2
22,2
47,1
24,1
35,1
60,1
45,1
49,1
27,1
35,2
31,1
28,1
52,1
24,2
40,2
68,1
48,2
32,1
9,1
54,2
27,1
16,1
9,1
51,1
44,2
42,2
33,0
33,1
32,2
60,2
29,2
47,2
43,1
65,2
67,0
51,2
54,1
49,0
74,2
1,1
41,0
46,2
20,2
75,2
46,1
60,0
66,2
34,2
36,0
58,1
36,1
47,1
43,1
36,2
76,2
31,2
51,2
44,1
50,1
39,1
0,2
51,2
69,2
60,1
62,2
14,2
9,1
34,1
30,2
37,2
46,2
34,0
51,2
53,2
42,0
26,2
62,1
44,1
34,1
39,2
7,1
30,2
47,2
62,0
43,0
7,1
55,1
31,2
33,2
67,2
38,2
11,2
11,1
60,2
18,1
49,2
44,1
39,1
32,2
82,2
57,2
52,2
72,1
38,2
45,2
47,1
35,1
0,2
20,2
36,2
29,2
19,1
65,1
36,2
45,2
62,2
60,1
64,2
69,2
48,1
54,1
42,0
50,1
45,1
55,0
62,1
17,2
77,2
52,2
0,1
55,1
51,2
47,2
4,1
55,1
40,0
48,1
27,1
79,2
42,1
67,2
25,2
79,2
11,2
39,1
46,2
7,2
12,2
44,2
63,2
6,2
46,2
51,2
40,2
23,1
47,1
39,1
32,2
35,2
51,0
50,1
63,0
45,2
40,2
80,1
35,1
24,2
39,2
60,2
66,1
29,2
8,2
46,1
1,1
60,2
98,2
80,2
45,2
10,2
46,0
40,2
2,2
48,2
54,2
6,1
9,0
1,1
19,2
25,2
45,2
39,1
59,0
51,2
35,2
61,2
36,2
42,1
25,2
42,0
1,2
65,2
69,1
78,1
46,1
38,2
49,0
33,2
63,1
44,2
34,2
13,2
42,2
62,2
55,2
31,2
49,2
31,1
56,1
32,2
61,0
52,2
1,2
35,2
0,0
40,2
64,2
74,1
29,2
66,2
34,1
35,1
0,2
36,2
15,0
84,2
39,1
59,2
9,2
19,2
49,2
42,2
41,2
45,1
45,2
43,2
55,1
49,2
42,2
46,2
35,1
60,2
50,2
39,1
59,2
47,1
49,2
35,1
52,1
12,1
36,2
33,2
55,1
52,1
60,1
47,2
76,2
1,2
30,2
23,1
23,2
49,0
27,0
39,2
28,2
67,2
64,2
37,2
21,2
28,2
0,2
34,1
66,1
62,2
26,1
22,2
71,1
8,1
84,0
60,0
36,2
60,2
18,0
26,2
36,1
57,2
59,0
67,2
1,1
75,2
72,2
50,2
75,1
64,2
69,1
0,1
25,2
58,1
59,2
63,1
32,1
34,2
28,2
22,2
79,1
60,2
29,2
44,2
58,1
39,2
6,1
37,1
9,2
34,2
22,1
57,1
35,2
23,2
76,2
60,1
8,2
38,2
4,2
37,2
58,1
30,2
37,2
58,1
3,1
48,2
48,1
48,2
39,1
65,1
46,2
48,1
38,2
40,2
35,1
33,1
57,2
52,1
33,2
24,1
28,2
63,2
47,2
34,2
32,1
46,2
14,1
28,2
29,2
49,1
58,2
28,2
56,2
26,2
35,2
24,2
33,2
50,2
41,2
36,2
41,2
41,2
33,2
33,1
0,1
70,2
24,1
54,2
20,2
52,1
43,2
34,2
43,2
38,2
26,2
60,2
50,2
55,1
43,2
19,2
44,1
95,2
27,2
50,0
59,1
62,2
39,2
10,2
74,2
44,1
41,1
2,2
24,1
76,2
44,2
45,2
24,0
48,2
39,2
26,1
25,2
36,1
57,2
50,2
28,2
68,2
56,2
35,2
51,2
55,2
42,2
37,2
36,2
36,2
72,1
66,0
62,2
40,0
10,2
10,2
31,2
37,1
57,1
16,1
21,2
35,0
60,2
55,1
66,2
48,2
51,1
62,2
50,1
39,2
75,2
56,2
68,1
53,2
53,2
29,2
15,2
51,1
71,1
42,2
53,1
50,1
71,1
2,0
70,1
24,2
72,2
48,2
44,1
7,2
40,2
2,2
28,2
32,1
32,0
0,2
44,2
68,1
2,2
40,2
62,2
1,2
29,2
61,2
38,1
27,2
0,2
74,2
39,1
37,2
69,2
32,2
54,1
36,1
46,2
37,2
1,1
35,2
20,2
55,0
45,1
46,1
50,2
42,2
35,1
49,2
58,1
69,1
56,2
63,1
64,1
41,2
48,2
72,1
18,1
32,2
25,1
58,0
59,2
1,1
47,1
39,1
4,1
52,2
55,1
18,2
44,2
26,2
39,0
36,1
29,1
70,1
75,2
49,1
27,2
45,2
45,1
63,1
39,2
8,2
42,2
46,2
45,1
0,1
49,2
46,2
0,1
53,2
81,2
42,1
0,2
59,2
90,2
0,2
53,2
44,2
45,2
46,2
48,2
32,1
26,2
48,1
17,1
0,1
38,1
31,2
33,0
67,1
0,1
49,2
36,1
34,0
31,1
41,2
50,2
0,2
36,2
73,1
31,2
47,1
69,1
63,2
70,1
57,2
70,2
15,2
44,0
45,2
34,2
74,1
54,2
24,1
26,1
43,1
78,1
25,2
17,1
52,1
42,2
0,2
24,2
24,1
26,1
34,1
36,2
71,2
25,1
46,2
93,2
48,2
47,2
43,2
19,2
34,0
59,2
45,2
50,2
49,2
58,2
36,2
38,1
88,2
32,2
59,2
58,2
9,1
30,1
0,2
0,2
38,2
42,2
44,1
61,1
64,2
51,1
46,1
38,2
17,1
49,2
17,2
39,1
30,2
54,0
56,1
48,1
62,2
18,1
0,2
46,2
54,1
41,0
44,1
41,2
58,2
57,2
50,2
14,1
69,1
36,2
0,2
55,2
50,2
11,2
61,1
41,1
82,0
10,1
7,2
37,1
56,2
48,2
46,1
36,2
36,2
96,2
59,1
18,2
31,1
57,2
62,1
61,1
47,2
28,1
8,1
61,1
40,2
35,2
29,2
44,1
50,1
54,2
47,0
10,2
55,1
36,2
19,2
27,2
10,2
43,1
93,1
26,1
37,2
6,2
45,2
51,1
12,1
41,1
5,2
50,1
33,1
55,2
33,2
51,0
47,2
24,1
62,2
42,2
49,2
33,0
38,2
47,2
34,2
44,1
40,2
46,2
48,1
35,0
16,2
0,2
44,1
61,1
35,2
49,2
56,2
28,2
7,2
45,0
38,2
37,2
33,1
22,2
54,1
67,2
37,2
40,1
37,2
30,1
13,1
73,2
64,1
44,2
37,1
42,2
30,0
24,1
51,0
48,2
46,2
28,1
55,2
37,2
46,2
74,2
53,2
37,2
36,2
84,2
56,1
65,1
18,2
49,1
53,1
87,1
31,1
44,1
68,0
16,1
40,2
82,1
67,1
64,1
52,1
40,2
72,2
54,1
60,1
41,2
41,1
50,1
49,2
65,2
15,2
0,1
51,1
29,1
53,2
31,2
51,2
55,2
44,0
39,2
38,2
2,2
9,1
51,2
9,1
59,2
43,1
15,2
51,2
53,2
38,2
51,2
39,2
60,2
0,1
43,2
31,1
25,2
41,2
50,1
35,2
29,2
12,2
42,2
72,2
59,2
53,2
44,2
65,1
31,1
22,1
55,2
44,2
74,2
1,1
53,1
42,2
53,2
32,2
69,2
39,2
54,1
41,2
47,1
53,2
32,2
28,2
60,1
11,1
66,1
22,2
39,1
52,1
0,2
52,2
56,2
47,2
0,2
92,2
38,2
5,2
26,2
68,2
9,2
57,2
62,0
44,2
34,1
30,2
56,2
64,1
38,1
54,2
34,1
39,1
48,2
40,1
54,1
48,0
40,1
33,1
29,2
28,0
43,1
63,2
41,2
33,2
28,1
31,1
39,1
51,1
39,1
64,1
46,2
52,1
68,2
45,2
16,2
53,1
22,2
37,2
0,2
10,2
67,1
63,2
42,2
32,1
42,1
42,2
15,2
12,1
33,2
79,0
62,0
30,1
58,1
13,2
10,2
40,1
24,1
68,2
83,2
54,2
58,1
37,1
11,2
33,2
32,2
50,1
57,1
35,2
38,2
36,2
57,1
58,1
54,2
36,2
68,2
27,1
39,1
55,1
66,1
21,2
49,1
26,2
22,1
56,2
27,2
59,1
18,0
33,0
56,1
10,2
29,1
57,2
82,1
69,2
52,2
24,1
36,0
61,0
71,2
62,1
29,0
42,2
38,2
13,2
45,2
37,1
38,2
25,2
29,0
47,1
46,2
40,2
37,2
50,1
56,2
38,0
51,2
59,2
7,2
43,2
44,2
62,2
41,1
62,1
64,1
34,2
37,2
48,2
62,2
22,2
66,2
56,2
49,2
62,0
41,2
55,2
52,1
41,2
23,2
38,2
68,2
60,2
33,1
57,1
56,1
46,2
45,1
1,2
65,2
71,2
31,2
76,1
41,2
42,2
21,2
41,0
58,1
51,1
58,1
18,1
33,1
40,2
19,1
33,2
35,0
67,1
12,2
49,2
58,2
5,2
57,1
39,2
47,1
77,2
62,2
43,1
49,1
54,1
26,1
48,2
71,2
48,1
10,2
43,1
76,2
46,1
16,2
27,2
31,1
41,0
32,1
4,2
34,2
52,2
38,0
35,2
24,1
52,1
47,0
19,2
72,0
40,2
10,2
69,2
55,0
73,2
48,1
0,2
47,2
64,1
7,1
26,0
30,1
24,1
38,1
78,1
75,1
50,1
49,1
66,1
22,2
80,2
40,1
0,1
63,2
19,2
73,1
58,1
74,2
33,2
81,0
35,1
15,1
37,0
62,1
45,2
48,2
58,2
41,1
32,2
35,2
44,0
45,2
42,1
48,2
44,1
45,1
43,1
73,2
73,1
33,2
41,1
31,0
69,1
48,2
16,1
39,2
56,1
96,2
53,2
22,2
47,1
36,2
0,0
57,1
21,2
52,0
25,2
66,2
59,2
41,0
53,1
30,2
25,1
53,2
17,2
55,1
49,2
49,1
12,2
54,2
37,2
30,2
59,2
34,2
25,2
35,2
61,0
20,0
36,1
25,2
66,1
28,2
38,2
36,2
52,1
59,1
34,2
43,1
40,1
39,2
42,2
27,2
42,2
56,0
60,0
24,0
39,2
11,2
29,1
46,2
14,1
51,2
60,2
24,0
25,2
44,2
84,1
32,2
23,1
33,2
72,2
41,2
0,1
53,2
3,1
62,2
45,1
18,2
81,1
7,2
11,2
32,2
46,2
50,2
62,2
33,2
54,2
44,1
76,1
60,1
44,2
70,1
57,2
40,1
35,1
11,1
43,1
22,1
45,1
30,1
50,2
45,1
61,1
36,2
57,2
18,2
51,2
47,2
55,1
57,2
42,1
34,2
40,1
45,2
71,2
84,2
14,2
60,2
47,2
74,1
7,2
58,1
79,2
59,0
52,0
29,2
21,1
51,2
1,1
66,1
64,1
68,1
48,2
36,2
29,2
12,0
38,1
71,1
74,2
51,2
39,2
60,2
43,0
39,2
2,1
34,2
36,0
48,2
57,2
35,1
56,2
8,1
35,2
10,2
50,1
40,1
44,1
58,0
32,2
55,2
38,2
55,2
19,2
72,2
28,1
70,1
46,1
93,2
56,1
57,1
24,2
38,1
58,1
41,2
1,0
56,2
59,2
71,2
28,2
39,0
68,1
29,2
54,2
40,1
31,2
54,2
52,1
18,2
13,2
58,2
81,2
30,0
63,1
43,2
27,2
10,2
62,1
67,2
73,0
74,0
18,2
70,1
30,2
47,0
46,2
25,2
34,1
57,2
33,2
42,2
46,2
62,2
57,2
51,1
52,1
49,2
45,2
42,1
22,1
17,2
0,0
14,1
62,2
26,1
8,2
55,2
0,2
49,2
52,2
31,2
48,2
25,1
41,2
20,0
64,0
52,1
44,2
26,0
16,2
0,2
46,1
67,2
59,2
16,1
56,2
75,2
36,2
36,2
71,1
0,2
31,2
31,1
45,0
71,2
38,2
1,1
34,1
66,2
49,2
55,2
29,1
57,2
25,1
14,2
38,2
26,2
35,2
30,1
28,2
63,1
60,0
26,1
23,2
80,2
42,2
54,2
25,2
37,2
12,1
66,2
40,1
37,2
51,1
43,2
42,2
10,2
35,2
27,2
22,2
83,2
2,2
58,0
48,2
54,1
58,0
13,2
2,2
65,0
51,1
39,2
79,2
36,1
42,1
24,1
61,1
58,0
44,2
19,2
57,1
58,0
51,1
92,2
44,2
53,0
53,2
48,1
16,1
42,1
53,2
39,2
4,2
48,2
63,2
32,1
75,1
54,1
62,1
52,0
66,2
62,2
62,2
68,1
28,1
66,1
26,2
3,2
41,2
37,1
50,1
0,1
85,0
8,2
30,2
47,2
75,1
67,2
45,1
22,0
9,1
49,1
58,1
42,1
56,2
24,1
49,2
34,2
64,1
66,1
34,2
69,2
57,0
62,0
48,2
59,2
54,1
30,1
0,2
68,2
59,1
38,2
33,2
51,2
52,2
41,1
38,2
26,2
48,2
37,2
30,1
51,2
62,2
42,1
46,0
34,0
44,1
21,1
77,1
17,1
19,2
42,2
71,2
49,0
43,2
39,2
43,2
65,2
35,2
43,2
0,2
18,1
60,1
20,2
29,2
0,2
30,1
35,2
40,0
64,2
63,2
58,2
70,1
57,1
34,1
40,0
33,1
12,1
0,1
53,0
48,2
55,2
72,2
62,0
19,2
61,2
49,2
69,2
26,2
1,1
71,1
57,2
37,0
15,2
26,2
40,1
59,2
9,2
28,2
52,2
42,2
20,2
16,1
39,2
2,2
20,2
72,2
50,2
41,2
59,1
54,1
43,1
48,2
54,2
53,1
40,1
75,1
51,2
51,2
54,2
10,0
25,2
22,2
46,1
39,1
69,1
43,2
32,2
49,0
21,1
49,2
64,0
63,1
48,2
48,2
51,0
44,1
45,2
0,2
67,1
16,2
55,1
35,2
30,1
43,2
47,2
34,2
55,2
30,2
65,2
57,2
40,1
23,2
75,1
27,2
34,1
47,1
26,2
37,0
30,1
34,1
17,2
43,1
37,2
41,2
31,2
32,0
6,1
42,2
66,2
34,1
72,2
68,1
54,0
0,1
71,1
58,1
108,2
46,0
21,1
36,2
75,1
51,2
42,1
53,2
52,2
35,1
29,1
67,2
60,2
34,2
59,2
63,1
33,1
45,1
42,2
28,2
54,2
70,2
40,2
21,2
9,2
82,2
58,2
42,2
63,1
44,2
24,1
37,1
64,1
65,1
63,2
62,0
19,2
72,1
57,1
51,2
41,2
39,1
64,2
4,2
6,2
91,2
53,0
35,1
42,2
53,2
39,2
75,2
71,0
60,0
42,2
59,2
19,2
41,2
42,1
58,1
65,1
46,0
53,1
40,2
23,2
39,2
49,1
56,1
57,2
47,2
62,0
38,2
28,1
30,1
69,2
32,2
42,2
75,0
61,2
74,1
47,1
64,1
34,2
66,2
32,2
29,1
30,2
60,2
59,2
57,2
39,2
31,2
33,2
16,2
54,2
55,1
43,1
39,1
54,1
44,2
43,2
62,1
1,1
34,1
52,2
42,1
25,1
49,2
60,2
39,2
17,1
65,2
35,2
34,2
0,2
44,0
44,2
31,2
66,1
34,2
21,2
56,2
44,2
32,2
71,1
55,2
48,1
80,1
42,2
0,1
1,1
62,1
38,2
43,1
24,1
49,1
62,2
40,1
51,2
39,2
45,1
34,1
41,2
53,2
67,1
47,2
32,2
40,1
52,1
17,0
62,2
58,1
51,1
33,2
39,2
33,2
60,2
57,2
54,2
38,1
90,1
8,2
18,2
43,1
68,2
43,2
9,2
14,2
17,2
18,2
90,1
45,2
21,1
50,1
33,2
63,2
27,2
8,2
27,1
55,1
54,2
31,2
32,1
48,2
52,1
48,2
74,1
0,2
45,2
65,1
20,2
33,2
48,2
0,2
38,1
33,2
46,2
27,0
50,1
57,2
52,1
58,2
59,2
40,1
73,2
32,2
36,1
28,0
53,2
70,2
43,2
63,1
53,0
49,2
25,1
62,1
42,2
16,1
33,2
45,2
20,2
64,2
33,2
51,2
47,2
46,2
0,0
9,2
32,0
40,1
58,2
62,1
16,2
33,2
57,1
56,0
51,2
87,1
62,1
33,2
46,1
8,2
37,1
33,1
45,2
45,2
27,2
63,2
46,2
28,1
39,2
73,2
10,1
51,1
36,2
52,2
43,1
42,2
62,2
29,2
7,1
0,2
63,2
35,1
54,2
57,1
55,1
45,2
61,2
49,1
73,1
20,2
51,2
31,1
0,2
55,1
33,2
16,2
30,2
60,2
41,0
63,0
54,2
72,2
21,1
54,1
30,1
43,0
44,1
5,1
66,2
51,2
49,2
68,2
48,2
52,2
78,1
38,2
37,0
44,2
0,1
10,2
60,2
36,2
39,2
35,1
64,1
28,2
52,2
39,0
65,2
39,2
9,2
38,1
59,1
21,2
50,2
46,2
6,2
55,2
23,2
28,2
0,1
16,2
34,1
58,2
43,1
52,2
52,2
48,1
67,1
40,2
50,1
11,2
50,1
30,0
19,1
43,1
44,2
31,2
61,2
71,2
27,0
73,1
22,0
56,2
54,2
79,2
40,2
45,2
68,2
4,2
75,1
34,1
28,2
66,1
36,2
72,0
74,1
0,2
20,2
54,1
56,2
29,1
80,1
38,1
80,0
64,2
32,1
31,2
37,1
61,2
59,1
73,1
12,0
41,1
55,2
54,1
31,2
29,1
45,1
0,2
32,2
51,1
84,2
43,1
37,2
62,1
8,1
38,2
32,2
57,2
49,1
43,2
52,2
45,2
70,2
48,1
41,2
42,1
64,1
42,2
55,1
57,2
43,2
63,1
72,2
32,2
48,1
42,2
46,0
72,2
22,2
58,2
47,2
65,1
54,1
9,2
82,1
47,2
56,1
32,1
65,2
42,2
60,1
42,2
45,1
21,2
32,2
49,2
23,2
47,2
43,2
59,2
53,2
52,1
33,2
57,1
27,2
25,1
67,2
67,2
23,0
51,1
4,2
52,0
43,2
44,1
1,1
51,2
26,2
37,2
61,1
49,2
39,2
51,1
50,1
45,1
57,2
37,2
8,2
40,2
0,2
20,2
80,1
87,1
48,2
39,2
28,1
37,1
9,1
34,2
55,0
35,2
7,2
55,1
4,2
20,1
47,2
49,0
74,1
34,1
53,2
13,1
8,2
24,2
53,2
25,1
47,1
44,0
46,1
12,1
37,2
0,2
71,0
31,2
69,1
49,1
57,2
42,2
32,1
61,1
39,1
19,1
20,2
26,1
66,2
7,1
30,1
17,2
24,1
3,2
60,2
55,1
37,1
44,2
45,1
28,1
39,2
51,1
39,2
21,1
8,2
64,0
12,2
25,2
23,1
31,1
57,1
44,1
34,1
23,2
40,2
69,2
33,2
56,2
29,2
36,2
43,1
50,1
53,2
24,2
73,2
77,2
0,2
52,0
75,2
61,1
52,2
65,2
43,2
52,2
40,2
60,1
37,0
48,2
56,1
45,0
50,2
100,1
40,1
10,2
61,2
14,2
9,2
40,1
0,2
0,2
47,2
79,1
13,2
51,1
47,2
0,2
35,2
45,2
65,1
36,1
54,1
35,1
49,2
31,2
0,2
49,1
26,2
55,2
36,2
24,1
36,2
40,2
62,2
33,2
1,2
59,2
50,2
13,1
39,0
37,2
53,1
53,1
56,2
81,1
2,1
0,2
72,1
71,1
0,1
75,2
42,1
41,1
41,2
55,2
23,1
45,1
43,2
39,1
59,1
33,2
18,0
28,1
68,1
60,2
55,1
66,2
57,2
25,1
69,0
49,0
38,2
8,1
74,2
39,2
63,2
2,1
41,2
18,2
51,2
69,2
0,2
42,1
43,2
56,2
19,2
59,1
52,1
22,2
55,1
73,1
27,2
53,2
41,2
48,2
37,2
37,0
56,0
50,2
44,1
18,1
38,2
30,1
5,0
32,2
35,1
11,2
34,0
60,1
49,1
50,1
59,1
33,0
55,2
52,2
30,1
23,1
71,1
29,1
55,1
44,2
85,2
34,2
47,2
51,1
7,1
46,2
37,2
2,2
0,0
65,2
53,2
9,1
48,1
42,0
59,1
38,1
0,1
89,2
41,1
18,1
54,2
78,0
53,2
40,2
47,1
8,2
37,2
62,2
67,2
71,1
30,2
51,2
15,2
55,1
42,2
53,2
48,2
72,1
52,2
0,1
12,1
39,2
26,2
74,0
51,2
28,2
34,2
44,1
38,2
60,1
26,1
36,1
20,2
57,1
45,1
40,1
35,1
8,2
64,1
46,1
27,2
20,2
41,1
39,2
61,2
52,0
33,2
52,2
63,2
39,2
62,1
36,2
52,2
55,2
45,1
45,2
48,2
60,2
41,2
57,2
44,0
33,2
47,1
60,2
45,1
10,2
37,2
57,1
50,2
37,2
38,1
27,2
35,2
25,2
0,2
64,2
3,1
38,1
54,2
38,1
0,2
11,2
45,2
71,0
25,2
63,1
51,2
46,1
57,2
60,2
59,2
50,2
75,2
0,1
0,2
53,1
72,2
54,1
62,2
17,2
22,0
9,2
66,1
22,2
17,1
54,1
53,2
9,2
25,2
18,1
51,1
24,1
51,2
36,1
31,2
42,1
8,2
52,1
43,1
57,2
56,2
47,1
75,2
20,2
51,1
74,1
13,2
77,2
6,0
26,1
54,1
32,2
61,2
43,1
12,1
50,2
64,2
19,2
26,2
17,2
22,2
59,2
43,1
37,1
37,1
2,1
70,2
66,1
0,2
45,2
37,2
0,2
61,1
48,1
57,2
64,1
56,2
40,2
55,1
25,2
54,2
57,1
52,2
55,1
32,2
40,1
42,1
53,1
37,1
68,2
71,1
56,2
25,2
36,1
55,2
58,1
42,1
32,2
45,2
43,1
11,0
69,2
43,2
10,2
62,1
27,1
40,2
57,1
47,2
47,2
24,2
38,1
53,1
53,1
20,2
35,2
39,2
86,0
43,2
36,1
47,1
41,2
34,0
47,2
46,1
30,2
28,0
52,1
53,1
45,2
36,2
53,1
46,2
68,2
74,1
21,1
63,2
54,2
78,1
41,1
44,2
34,1
37,2
33,1
63,1
65,1
37,2
36,0
36,1
10,2
62,1
70,1
38,1
59,1
34,1
37,1
33,2
20,2
40,1
73,2
56,1
34,2
50,1
64,1
36,1
35,1
29,2
38,2
11,1
71,2
76,2
53,1
52,1
75,0
48,1
46,1
41,1
34,2
60,1
33,2
53,0
73,2
79,1
49,2
1,1
17,1
21,1
34,2
44,1
66,2
32,1
56,2
33,2
61,0
24,1
15,2
42,2
12,0
29,2
29,1
78,1
18,2
43,2
46,1
36,1
60,2
33,1
52,0
54,1
41,0
43,1
57,2
44,1
4,1
28,2
25,2
35,1
65,1
71,1
46,2
46,1
27,2
18,2
36,2
49,1
49,1
49,2
59,1
71,1
46,1
37,1
45,2
35,1
59,2
56,1
38,2
61,2
52,2
20,2
40,2
30,2
51,1
82,2
60,2
11,1
47,2
61,1
3,2
29,2
49,2
64,2
78,1
58,0
54,2
42,1
76,1
54,0
59,1
15,2
58,1
52,1
41,0
62,2
37,2
70,1
4,2
33,1
66,1
38,1
41,2
47,2
61,2
31,2
53,2
20,1
3,2
79,2
0,1
40,2
26,2
31,2
82,1
44,1
53,1
41,2
34,2
51,1
74,2
40,1
61,0
46,2
29,2
54,2
35,2
41,2
66,1
43,2
67,1
75,2
10,1
19,2
52,2
0,0
44,2
51,0
43,1
64,2
28,1
47,2
45,2
32,2
53,2
41,2
81,0
53,1
37,2
0,0
53,2
43,1
43,1
51,2
20,1
0,1
7,2
58,2
67,2
54,2
3,2
35,2
66,2
27,2
52,2
49,2
4,2
51,2
8,1
25,2
46,2
42,2
59,2
41,2
38,2
0,2
48,2
49,1
0,2
67,2
29,1
35,2
27,0
56,1
47,2
18,2
52,2
44,1
0,1
66,1
2,2
35,1
0,2
8,2
70,2
58,1
46,2
45,1
27,2
58,2
47,1
61,2
27,0
58,1
39,2
59,2
65,2
17,2
35,0
53,2
53,2
46,2
21,2
58,1
35,2
63,1
61,1
22,2
6,2
47,0
16,2
41,2
44,2
64,2
0,1
39,2
37,2
52,1
62,2
70,2
9,2
41,2
68,1
51,2
29,2
52,2
24,2
58,1
28,1
57,0
43,2
31,2
10,2
52,2
55,1
0,2
53,1
66,2
14,2
42,1
88,1
61,1
46,2
48,1
53,2
59,2
43,1
55,2
51,1
42,1
53,1
23,2
51,2
15,1
35,2
72,2
52,2
63,2
0,1
42,2
31,2
53,1
28,2
38,2
38,1
76,2
27,2
30,1
36,2
37,2
59,2
32,2
28,2
56,1
51,2
61,1
0,2
59,1
40,2
1,1
2,2
10,2
73,1
66,2
39,1
66,2
0,0
17,2
36,2
9,2
32,2
45,2
50,1
49,2
14,0
53,1
20,2
41,1
73,1
60,2
17,2
1,1
42,1
34,2
57,2
0,2
64,2
62,2
62,2
49,0
11,2
70,2
64,2
21,0
23,2
36,2
30,2
34,2
48,1
69,2
74,0
30,2
57,2
65,2
0,2
51,1
31,2
42,2
28,2
47,1
10,1
33,2
50,1
40,1
78,1
68,2
46,1
89,1
38,1
42,2
25,1
46,2
49,2
31,1
35,1
52,2
67,2
53,2
43,2
64,1
64,1
61,2
11,2
81,0
59,0
62,1
77,2
45,1
13,0
26,0
61,2
62,2
44,2
56,2
62,1
27,2
0,2
43,1
71,2
17,2
54,1
17,2
57,2
58,2
58,1
41,0
32,2
43,0
45,2
39,1
55,1
11,1
69,2
60,1
19,0
50,2
51,1
48,2
34,2
55,2
0,1
2,2
60,1
32,2
10,2
65,2
58,1
74,1
32,2
21,2
29,2
0,2
52,2
36,2
18,2
58,1
37,2
25,2
27,2
36,2
37,2
17,2
70,2
46,1
38,2
11,1
8,2
15,1
35,2
66,0
72,1
69,1
25,1
64,1
64,1
48,1
20,2
44,1
34,2
43,0
53,1
58,2
41,2
42,1
39,1
62,0
51,2
47,1
19,2
49,2
17,2
49,2
9,1
37,2
40,2
42,2
57,2
55,1
37,2
52,2
34,1
32,2
32,2
33,2
28,2
18,2
61,2
32,2
25,1
40,1
63,0
61,0
44,2
37,0
39,2
60,0
68,0
54,2
61,1
72,1
36,1
40,2
7,2
44,2
2,2
51,2
48,1
9,2
41,1
10,2
39,1
44,1
47,1
68,1
59,2
60,2
42,2
14,2
44,2
37,1
78,1
34,2
54,2
42,2
1,1
38,1
34,2
48,1
1,1
53,2
55,1
71,2
21,2
45,1
42,2
55,1
92,2
21,1
65,1
30,1
47,2
37,2
0,2
27,2
61,2
43,2
29,1
67,2
86,0
1,2
41,2
17,2
22,0
39,2
15,2
82,0
38,2
26,2
43,2
28,2
38,0
18,2
38,2
36,1
49,2
34,2
10,2
31,1
33,2
2,2
4,2
11,2
15,1
47,0
36,2
77,2
44,0
66,2
7,2
24,2
8,2
76,2
55,2
35,2
0,1
37,2
63,2
52,2
47,2
46,1
55,2
30,2
41,1
57,1
61,2
74,2
61,1
1,2
40,2
29,2
72,1
31,2
53,1
38,2
32,1
56,1
36,2
39,2
48,1
27,2
36,2
64,1
43,1
35,2
66,1
58,1
65,1
38,1
18,1
45,2
33,1
37,2
15,2
43,2
60,2
63,2
45,2
41,1
49,1
40,2
23,1
13,1
43,2
49,2
44,1
29,2
37,2
17,2
59,1
68,1
12,2
21,2
48,2
49,2
8,1
53,1
24,2
2,1
67,1
4,2
21,0
1,1
50,2
33,1
28,2
54,1
21,2
71,2
46,2
16,2
70,1
75,2
32,2
22,2
31,2
19,2
68,2
34,2
44,1
60,2
18,2
51,1
69,1
27,1
63,2
74,1
39,2
41,1
49,2
53,2
45,1
53,2
35,2
38,1
46,2
26,2
36,1
22,1
66,1
33,2
81,1
59,2
66,2
44,0
33,2
53,1
43,1
49,2
49,2
15,2
29,2
58,2
35,1
51,2
53,2
73,1
50,1
17,1
14,1
24,1
65,1
60,2
23,1
83,2
43,1
5,2
54,2
8,2
43,1
29,0
62,2
73,2
22,2
52,2
41,0
1,1
43,2
46,1
17,2
59,1
19,2
58,2
60,2
0,2
33,2
63,2
35,1
43,1
49,2
31,2
34,0
43,0
56,2
38,1
46,2
36,1
37,2
41,1
59,2
0,1
2,1
34,1
40,2
49,2
74,1
46,0
54,1
55,2
18,1
38,1
59,1
50,2
57,2
62,2
52,2
11,2
35,2
22,1
36,2
28,2
48,2
52,2
63,1
12,2
27,2
25,2
34,2
47,2
0,1
31,2
34,2
72,1
0,2
44,0
28,0
41,2
20,2
28,2
44,2
61,2
32,1
63,1
0,1
44,1
63,1
39,2
63,0
25,2
53,1
39,2
67,0
51,1
15,2
19,2
39,0
62,1
53,2
35,1
8,2
5,1
59,0
38,1
32,1
41,2
77,2
1,0
43,1
55,2
38,0
34,2
32,2
41,2
43,1
1,2
26,1
29,0
19,2
19,2
51,1
1,1
20,2
27,2
51,2
36,2
0,2
46,2
65,1
55,2
31,2
32,2
35,2
31,1
49,1
70,1
70,2
36,1
68,2
36,2
30,1
31,1
40,2
67,1
48,2
57,1
63,0
43,1
18,1
40,1
47,1
61,2
62,1
84,0
29,1
30,1
69,1
8,2
18,1
53,2
63,2
37,2
43,2
79,1
46,2
51,0
35,2
35,1
7,2
59,2
43,2
31,1
40,1
60,2
3,1
38,1
37,1
52,2
27,2
80,1
79,1
38,1
64,1
49,2
24,1
57,2
47,2
45,2
37,2
67,1
15,2
35,1
38,1
60,2
49,1
73,2
46,2
81,2
22,1
42,2
91,2
54,1
62,0
30,1
59,2
60,1
69,2
69,2
30,1
65,2
45,2
24,1
42,1
70,0
51,1
28,2
26,2
38,1
25,2
26,1
68,2
76,2
34,2
13,1
55,0
40,2
51,2
28,1
47,2
47,2
43,2
34,2
65,2
91,1
39,1
36,0
42,2
47,2
32,1
28,2
77,2
64,1
70,1
36,2
35,2
55,2
29,2
61,2
9,2
30,1
48,2
34,1
23,2
34,2
56,1
50,2
0,1
53,2
66,1
46,2
65,0
40,1
34,1
15,2
68,1
57,2
45,2
64,2
0,2
106,2
43,0
70,1
45,2
56,2
23,1
72,1
40,2
41,2
1,1
42,1
44,2
34,1
42,2
27,1
19,2
33,2
48,1
60,1
28,2
46,2
0,1
65,1
1,2
46,2
78,1
49,2
27,1
0,2
30,1
50,2
55,1
32,1
71,1
56,1
26,1
62,2
45,1
24,2
27,2
0,2
35,1
40,2
55,2
58,0
23,2
62,1
39,2
32,1
41,1
74,1
64,2
42,1
16,1
48,2
76,2
61,1
9,2
61,1
47,2
57,1
0,2
36,0
41,2
49,1
60,1
49,2
0,2
68,0
43,2
51,1
9,2
65,1
59,2
56,2
35,2
69,2
71,2
52,1
57,2
52,2
36,2
45,2
36,2
21,2
36,1
66,2
55,2
0,2
19,2
15,2
67,2
45,1
7,1
56,2
66,2
78,2
26,2
17,2
32,2
38,1
42,0
43,2
52,2
19,2
36,2
36,1
27,1
8,2
55,1
27,2
12,1
23,1
48,2
70,1
0,1
65,2
46,2
63,2
54,1
52,1
32,2
65,2
45,1
16,2
17,2
40,1
40,2
0,1
16,2
46,2
56,1
23,0
60,0
64,0
36,1
48,2
75,1
49,0
32,2
44,0
0,1
61,2
35,2
41,2
42,1
60,2
29,1
44,2
42,2
30,2
42,1
53,1
49,2
47,2
12,1
24,1
48,2
50,1
29,1
48,1
27,2
43,2
59,0
49,2
76,1
31,1
72,1
50,2
38,0
49,2
49,2
0,2
67,2
33,2
0,0
71,2
29,1
81,2
38,2
72,2
70,1
88,1
31,2
63,1
40,1
44,2
0,1
56,2
19,2
53,2
44,1
67,2
71,2
34,0
31,1
52,1
71,2
57,2
33,2
73,1
43,2
56,2
36,2
29,1
43,1
60,2
8,1
41,2
51,1
43,2
44,1
35,2
40,2
20,2
13,2
70,1
0,2
68,1
17,2
16,1
30,2
63,1
8,2
46,2
61,1
44,1
65,0
44,2
21,2
22,1
17,2
39,2
34,2
28,2
52,2
49,2
24,1
56,2
1,1
38,1
25,2
18,2
58,2
0,1
77,2
45,2
11,2
0,1
21,1
8,2
27,2
27,1
47,2
62,2
52,2
32,2
34,2
63,1
50,1
0,2
67,2
75,1
46,2
42,2
40,2
41,2
57,1
41,2
68,2
8,2
38,1
60,1
20,2
9,2
63,1
63,1
3,2
75,1
39,2
28,1
57,1
22,2
46,2
39,1
49,2
39,1
42,1
52,1
43,0
51,2
22,1
42,1
39,2
43,1
35,2
47,2
42,1
40,2
9,2
40,2
19,2
44,0
70,2
57,2
59,1
69,2
56,2
42,2
63,1
16,0
34,2
43,2
47,2
49,2
53,0
50,2
59,2
46,2
65,1
10,1
15,2
49,1
41,2
40,2
59,0
41,2
61,2
61,1
36,1
50,2
63,1
48,1
21,1
0,1
41,2
24,2
53,2
65,2
64,2
26,1
49,2
0,1
60,2
38,2
36,0
38,2
15,2
23,2
36,1
29,2
0,2
49,2
13,1
11,1
52,2
2,2
39,0
52,2
40,1
64,2
26,2
57,1
50,1
45,2
64,1
63,1
19,1
71,1
43,2
33,2
62,2
46,1
47,2
64,1
51,1
41,2
8,2
34,2
66,1
66,2
35,2
38,1
62,1
59,1
69,2
67,2
37,1
91,2
57,2
27,2
58,1
62,2
63,2
41,2
34,0
26,2
61,1
4,2
67,1
54,2
19,0
67,1
42,2
8,1
18,1
48,2
56,2
76,1
46,1
59,2
30,1
45,2
47,1
0,0
74,1
36,1
53,2
5,2
3,2
34,2
60,2
35,1
13,2
33,2
68,2
44,2
30,1
47,1
14,2
38,2
40,1
38,1
26,1
64,1
72,2
63,2
39,2
9,2
40,0
37,2
47,1
56,1
55,2
36,2
47,1
14,2
39,2
72,2
47,2
31,1
28,2
32,2
48,2
60,1
69,2
16,2
56,2
51,2
33,2
30,2
3,2
83,1
40,0
51,2
33,2
37,1
75,2
53,2
65,2
46,2
43,2
29,2
58,1
27,2
34,0
40,2
32,1
0,1
17,2
53,2
40,0
59,0
14,2
59,2
40,2
35,2
35,2
40,1
45,1
50,2
38,2
54,1
29,1
62,2
63,1
42,2
39,2
67,0
47,2
42,2
22,1
35,2
49,1
78,1
22,1
59,2
1,1
71,2
32,1
36,1
22,2
48,2
67,2
41,1
40,1
58,2
70,1
42,2
43,1
69,1
30,2
38,2
42,2
51,2
43,2
48,2
30,2
59,1
83,1
38,0
83,2
73,2
50,2
22,1
37,2
34,2
0,2
67,1
52,1
43,1
8,2
23,2
38,2
44,2
47,1
22,2
50,1
17,1
48,2
69,2
34,2
55,2
57,2
49,2
25,2
45,1
57,1
21,1
49,2
55,2
41,2
33,1
68,1
28,2
39,2
56,1
42,2
51,2
36,2
36,2
34,2
5,2
50,1
43,2
41,2
31,1
51,1
64,1
48,1
10,1
51,2
60,0
53,1
6,1
19,2
16,2
61,1
37,2
49,1
33,2
47,2
26,1
14,1
41,2
53,2
34,2
41,2
7,1
49,2
0,2
42,2
33,2
46,1
59,2
0,2
0,2
33,2
37,1
37,0
0,0
47,2
37,2
73,1
65,2
47,2
38,1
41,1
51,1
33,0
44,2
1,1
25,2
65,2
56,2
48,0
42,2
61,2
47,2
28,1
28,2
53,1
80,1
56,2
28,0
19,2
40,0
30,1
57,2
45,2
29,1
19,2
55,2
8,2
48,0
32,1
55,2
24,2
72,2
43,1
52,1
37,1
43,2
65,1
64,2
70,1
69,0
63,1
43,1
36,1
8,2
33,0
63,2
47,2
45,2
53,1
46,1
30,2
29,2
14,2
51,2
28,2
44,2
49,0
26,2
19,2
45,0
43,1
43,2
21,2
42,2
32,1
48,2
63,1
46,2
37,2
59,2
18,1
43,2
9,2
76,1
25,1
35,2
60,1
12,2
18,2
74,1
56,1
37,2
72,2
41,0
44,1
39,2
28,2
34,1
46,2
36,2
41,1
39,2
33,2
48,1
60,1
39,0
65,0
36,0
56,2
30,0
32,2
45,2
37,2
37,2
59,2
44,1
33,0
1,2
54,2
65,2
43,1
36,2
61,1
74,2
0,2
71,0
54,1
37,1
63,1
41,2
41,2
61,2
33,1
28,1
40,1
15,2
38,2
33,2
49,1
68,2
82,1
84,1
42,1
41,1
27,1
37,1
37,2
28,2
46,2
38,2
48,2
39,2
57,1
53,2
1,1
63,1
51,2
34,2
33,2
39,2
17,1
60,2
1,1
54,1
40,1
2,1
0,2
27,2
0,1
25,1
26,2
24,2
59,2
42,0
32,2
36,2
4,1
50,2
25,0
51,1
58,1
60,0
46,2
69,2
49,2
53,1
68,2
72,0
35,2
43,1
61,2
1,2
54,2
59,1
47,0
24,2
71,2
59,1
41,1
42,2
33,2
66,2
0,2
55,2
52,2
29,1
57,2
71,2
64,1
34,0
42,2
31,2
40,2
27,1
31,1
44,2
25,1
46,2
63,1
69,1
36,2
68,2
36,2
14,2
79,1
51,2
53,2
45,1
68,1
79,0
16,1
3,1
45,0
56,0
43,1
72,1
63,2
44,1
33,1
40,2
0,2
0,1
61,2
51,1
0,1
27,0
42,2
35,1
57,2
40,2
46,1
48,2
25,1
77,1
69,2
0,2
16,0
33,2
44,1
74,1
16,1
34,1
1,1
62,2
36,1
51,2
24,2
64,1
49,1
49,2
38,1
43,2
65,2
60,0
77,1
73,1
47,0
66,1
63,2
53,2
40,2
55,1
52,2
57,2
90,2
61,1
42,2
42,2
58,0
59,1
65,2
35,2
48,2
6,2
26,2
43,0
34,2
31,2
58,2
32,2
41,2
62,2
19,1
47,2
50,1
37,2
48,0
38,2
53,1
45,2
53,2
68,1
21,1
64,0
65,0
37,2
46,1
32,1
66,1
48,1
77,1
25,1
47,1
34,2
57,1
0,2
82,2
9,2
0,1
53,1
55,1
83,1
26,1
55,2
26,2
60,1
24,2
53,2
74,2
43,1
34,2
9,2
74,2
59,2
0,2
38,2
19,1
61,2
7,1
46,2
51,1
65,2
17,1
63,1
48,2
44,0
40,2
63,2
15,2
42,1
23,2
46,1
23,2
59,1
8,2
65,2
38,2
34,1
38,1
46,1
40,2
23,2
43,2
48,2
31,2
49,2
58,2
70,2
34,1
36,1
25,1
19,2
22,0
53,2
33,2
3,1
63,2
44,0
39,1
28,0
57,2
30,2
42,1
72,1
7,1
7,1
67,1
58,2
29,1
22,2
20,2
66,2
34,2
58,2
53,2
66,1
37,2
34,2
76,2
47,2
27,1
49,2
31,1
64,1
37,2
42,0
42,2
45,1
21,2
57,1
80,1
43,1
52,1
26,1
32,2
23,2
56,2
31,2
48,2
36,1
36,1
59,1
34,1
34,2
38,2
46,2
45,2
55,2
8,2
56,1
42,1
40,2
58,1
55,0
49,2
47,2
17,2
38,2
46,2
0,2
39,2
78,2
42,2
66,1
42,1
46,1
57,1
37,2
0,2
19,2
71,2
22,2
22,2
31,2
47,2
42,2
39,2
37,2
44,0
62,1
30,1
78,1
23,0
51,2
34,1
9,2
40,2
56,2
75,2
58,1
25,2
56,2
24,1
42,2
26,2
61,1
44,1
32,2
38,2
58,0
37,1
54,0
30,1
39,1
29,2
25,0
37,2
61,2
54,2
55,2
22,2
11,2
0,2
15,2
17,1
54,0
42,2
31,2
47,2
32,2
62,1
51,1
56,1
27,2
3,1
62,2
62,2
32,2
8,2
3,2
27,0
42,1
43,1
32,1
40,2
70,1
46,2
36,2
56,2
50,2
78,1
44,1
41,1
0,2
46,2
45,2
30,2
57,1
46,1
38,2
26,2
36,2
52,1
84,1
0,1
52,1
62,1
58,2
45,2
36,2
21,2
64,2
48,2
64,1
55,2
43,2
54,2
2,2
34,2
66,0
34,1
41,2
34,1
45,1
48,1
49,1
64,1
53,1
41,2
44,1
55,2
51,1
25,1
25,2
60,1
18,2
29,1
29,2
0,2
60,1
39,2
47,2
58,0
67,2
21,1
45,1
59,2
29,2
38,2
22,2
0,2
55,1
36,2
12,2
61,2
51,2
57,2
60,0
39,2
44,2
0,2
65,2
72,2
38,2
53,1
49,1
35,2
49,0
28,2
22,2
72,2
53,1
23,1
16,1
55,0
60,1
46,2
32,1
45,2
27,1
50,2
12,2
18,2
42,2
48,0
32,1
37,2
33,2
70,1
39,2
72,1
44,2
44,1
41,0
47,1
24,2
27,1
62,2
38,2
74,2
22,2
22,1
44,2
8,1
62,2
28,2
81,2
39,2
62,2
34,1
54,2
38,1
43,1
16,2
37,0
30,1
33,1
45,1
60,2
49,1
46,1
68,0
30,1
50,2
36,2
34,1
72,2
21,2
42,1
41,1
68,1
0,1
59,1
53,1
1,2
19,2
47,1
66,1
45,2
45,2
46,1
2,1
37,2
53,1
47,2
73,2
40,2
1,1
54,1
66,2
63,2
43,1
45,2
68,1
35,1
30,2
52,2
44,2
66,1
10,2
2,1
62,1
0,2
26,1
20,2
67,2
37,2
46,2
37,2
53,2
53,2
62,1
63,1
0,2
41,2
18,2
41,2
76,1
55,1
51,2
8,2
64,1
39,0
25,2
55,0
30,2
56,1
0,2
45,1
39,2
0,1
42,2
60,1
54,2
75,1
34,2
42,2
73,1
81,2
1,1
49,2
66,1
0,2
34,2
48,2
29,2
34,2
65,1
69,2
10,0
42,0
43,1
0,1
75,1
52,2
3,2
48,1
42,1
38,2
22,1
28,1
58,1
67,1
29,2
76,2
41,0
57,1
64,1
0,2
50,1
55,0
50,1
74,1
49,1
36,1
51,2
53,1
51,1
30,1
58,1
44,2
21,2
52,2
65,1
43,2
27,2
73,1
68,2
49,2
31,2
42,2
52,0
49,2
54,1
73,1
46,2
64,2
54,1
34,2
52,0
34,1
33,2
40,2
13,2
32,1
31,2
38,1
70,2
47,2
24,1
21,2
22,1
1,2
29,1
44,1
27,2
29,1
32,2
73,2
38,2
30,2
60,0
73,2
34,1
49,2
25,2
59,2
29,2
88,2
64,2
43,2
28,1
42,1
63,1
57,2
35,2
52,2
48,2
44,1
44,1
53,2
91,1
14,1
48,1
36,2
42,2
35,2
40,2
31,1
21,1
70,0
62,2
71,1
9,0
6,2
0,1
55,2
44,1
0,2
36,2
32,2
68,1
42,1
55,2
24,1
15,1
58,0
65,2
42,1
60,0
39,1
57,1
63,1
38,2
42,1
58,2
60,0
46,1
44,2
55,0
33,2
56,1
61,2
41,2
42,2
43,1
59,2
30,2
0,1
57,2
44,2
28,1
35,1
53,2
51,2
59,1
47,2
0,2
30,2
39,2
0,2
40,2
42,1
58,2
41,2
0,2
45,2
37,1
23,2
43,2
79,2
30,1
41,2
44,0
47,2
1,2
56,2
69,2
71,1
73,1
53,2
63,1
46,2
45,1
26,2
38,1
4,2
50,2
34,2
40,1
35,0
22,1
55,1
45,2
40,2
17,2
34,2
40,0
14,2
51,2
63,1
56,2
8,0
43,1
1,1
50,1
63,1
82,1
63,1
59,1
28,2
3,1
55,1
28,2
5,1
28,2
36,2
14,2
45,2
0,2
50,2
46,2
27,0
37,2
30,1
59,2
16,1
44,1
44,2
40,1
32,2
67,2
8,2
32,2
37,1
71,1
45,1
67,1
12,2
43,1
62,2
41,1
32,1
53,0
62,1
27,1
54,2
55,2
58,0
86,0
60,2
55,1
49,1
55,1
27,1
48,2
51,1
41,2
28,1
70,2
49,2
63,2
32,1
10,1
60,2
55,2
29,2
46,1
31,1
49,1
41,0
50,2
68,2
23,2
38,2
15,2
49,2
42,2
52,2
75,0
33,2
39,2
24,2
37,2
0,2
51,1
51,2
41,0
0,2
19,2
45,2
68,2
33,1
37,1
100,2
15,2
5,0
33,2
56,2
3,2
0,2
63,2
51,1
76,1
50,1
0,1
38,2
57,2
53,2
80,2
7,1
0,2
1,2
0,2
62,1
70,2
56,2
26,2
5,2
42,2
47,1
59,2
35,2
40,1
45,1
0,1
66,1
45,1
59,1
60,1
18,2
37,1
40,1
71,2
50,2
7,2
47,2
35,2
59,2
41,2
37,1
1,0
8,0
68,2
44,2
37,2
38,1
1,2
37,2
38,2
51,1
14,2
31,2
63,2
52,2
17,2
45,2
43,2
41,0
68,1
35,2
43,1
18,2
58,1
44,1
45,1
58,1
62,2
79,1
70,2
2,1
40,2
30,2
43,1
18,2
63,2
45,1
85,1
36,1
68,2
8,1
50,1
71,0
52,1
43,2
37,2
43,1
0,1
51,1
33,2
41,2
39,0
50,1
58,1
43,1
17,2
18,2
29,2
43,2
47,2
48,0
8,2
10,1
10,2
0,2
9,2
47,2
36,2
0,1
55,2
62,1
54,2
70,2
43,2
37,2
47,2
25,1
60,1
64,2
0,2
37,2
45,0
53,2
44,2
44,2
67,1
25,2
44,2
58,2
58,2
29,2
66,1
65,2
36,1
22,2
35,1
7,1
47,1
27,2
21,2
0,2
12,1
45,1
72,1
0,2
44,2
38,1
28,2
67,1
73,2
96,2
42,2
47,2
56,0
80,2
43,1
74,2
39,2
0,1
77,2
6,2
43,2
21,2
41,1
66,2
9,2
14,2
44,1
0,2
21,1
46,2
19,1
45,1
39,2
39,2
66,1
16,2
54,1
53,1
4,2
62,2
62,2
32,1
51,2
62,1
26,2
1,1
28,0
62,2
34,2
35,2
65,1
67,1
35,1
56,2
53,0
31,2
62,1
65,0
41,2
45,1
63,1
62,2
1,2
48,2
38,1
59,1
67,1
49,2
0,1
46,1
70,1
54,0
12,2
40,2
3,2
34,2
48,2
67,2
24,1
6,1
80,2
20,2
48,0
47,1
15,1
29,1
67,2
59,0
69,1
19,1
62,2
49,2
58,1
46,2
11,1
54,0
85,2
46,1
42,2
56,2
22,2
34,1
46,2
36,1
82,1
24,2
27,1
36,1
54,2
45,2
34,2
33,0
59,2
69,2
34,2
56,2
12,2
41,2
30,2
50,2
20,2
63,2
7,2
59,1
19,2
34,1
36,2
65,2
37,2
25,2
48,2
39,0
79,2
2,2
31,2
66,1
35,2
38,2
56,0
53,1
60,0
23,2
55,2
43,2
42,2
0,1
66,2
28,1
71,1
36,1
42,0
52,2
41,1
31,2
0,2
36,2
56,0
56,1
69,1
10,1
30,2
53,2
55,2
56,0
62,1
76,1
15,2
15,2
31,2
30,2
45,1
0,1
58,2
52,2
46,1
37,1
9,1
20,2
76,2
56,1
27,1
9,2
43,0
34,0
22,2
28,1
42,1
37,2
48,2
40,2
47,2
42,2
25,2
35,0
46,2
40,1
0,2
9,2
69,1
57,2
49,0
50,2
54,1
49,1
49,2
26,1
29,1
35,2
52,0
17,1
13,2
51,1
0,0
54,1
28,2
28,1
35,2
38,1
56,2
41,1
61,2
52,0
40,1
39,1
54,2
17,2
47,2
18,1
14,2
54,1
24,2
21,2
49,2
55,1
29,1
36,1
64,1
34,1
43,2
8,1
48,2
11,1
8,1
57,1
41,1
44,2
19,2
16,2
57,2
28,1
62,2
52,1
26,2
26,2
0,1
37,2
62,2
46,2
11,1
44,2
31,0
22,2
39,2
53,1
28,2
39,2
57,0
45,2
56,2
18,2
55,1
56,2
8,2
54,1
56,2
78,1
54,1
34,2
83,2
33,2
29,2
36,2
42,1
36,2
66,1
60,2
56,2
79,0
31,2
35,1
66,2
43,2
37,1
36,2
50,1
50,1
58,2
57,2
26,2
48,2
42,2
61,2
1,0
30,2
54,2
39,2
62,2
54,1
0,0
38,2
50,1
46,2
26,2
59,2
35,1
56,1
46,2
30,2
50,1
22,2
52,1
33,2
87,2
20,2
45,2
48,2
36,1
53,2
62,1
32,2
31,1
44,2
20,2
10,2
52,2
39,2
39,2
68,1
43,1
36,1
12,0
51,1
8,2
47,1
69,2
53,1
62,1
53,1
33,1
36,1
70,2
35,2
34,2
60,2
51,2
65,1
32,2
21,2
91,2
61,1
27,2
69,2
45,2
44,2
62,2
42,2
49,2
64,2
45,2
16,2
1,2
36,2
44,2
44,1
56,2
2,2
27,2
54,0
2,2
1,2
58,0
33,2
57,1
53,1
28,0
77,2
55,1
62,1
25,2
37,1
51,2
31,1
59,2
34,2
37,1
46,1
29,2
53,2
1,1
93,2
41,2
47,2
67,2
60,2
36,2
66,1
81,2
19,2
41,1
12,2
46,2
41,2
44,2
30,2
58,2
46,2
19,2
57,2
2,1
30,1
75,1
37,1
72,1
46,2
53,2
28,2
13,0
60,1
80,2
32,2
41,1
31,1
0,2
29,2
46,2
15,2
51,1
16,1
54,1
40,1
65,2
57,2
39,2
65,1
2,2
23,2
28,1
72,2
0,2
65,1
51,0
40,2
20,2
59,2
56,0
96,2
49,2
60,1
54,2
20,2
70,1
71,1
50,2
57,2
42,2
52,1
9,1
0,2
47,2
58,0
23,0
55,2
42,1
0,1
36,1
6,2
33,1
31,1
14,2
41,0
23,1
24,1
38,2
44,1
43,1
9,2
72,1
66,0
24,1
34,2
29,2
28,1
54,2
43,2
64,2
27,1
86,0
6,2
44,2
45,1
45,2
11,1
56,1
0,2
30,2
48,1
47,1
59,2
35,1
48,1
75,1
7,2
38,0
22,2
34,2
70,1
61,2
40,1
6,2
53,2
0,0
41,0
53,2
33,1
67,0
62,1
15,2
21,2
38,2
57,2
37,1
50,0
51,1
29,2
43,2
49,1
63,2
57,1
41,1
1,2
51,2
35,2
35,2
16,2
28,0
61,2
36,2
0,2
33,0
29,2
69,2
35,2
19,0
40,2
42,1
70,1
37,2
74,2
39,2
60,1
45,2
39,1
9,2
51,2
41,1
67,0
59,1
42,2
42,1
49,2
62,1
48,2
36,2
40,2
53,2
0,1
34,2
49,2
70,1
46,1
39,1
40,2
37,2
55,1
65,2
34,2
41,2
48,2
62,1
37,2
42,1
31,2
69,2
66,1
50,1
0,2
60,1
49,0
42,1
66,0
35,2
42,2
39,2
40,1
40,0
65,2
47,1
52,2
62,1
56,1
69,1
52,1
25,2
65,1
63,1
30,2
18,2
61,1
69,1
10,2
52,1
42,2
24,2
53,2
72,1
35,2
55,2
42,1
50,2
27,2
0,2
45,1
47,1
18,0
41,2
12,1
42,2
34,1
46,1
61,2
27,2
34,1
24,1
64,2
63,2
0,2
69,2
57,1
33,1
44,1
66,0
59,1
61,2
27,0
53,2
71,2
29,2
25,2
42,2
48,2
49,2
45,2
44,1
36,2
8,1
63,1
39,1
21,1
40,1
50,1
38,0
39,2
44,2
53,2
82,0
57,1
51,2
40,0
62,1
68,1
17,0
41,1
62,2
1,2
48,0
41,1
30,2
62,1
58,2
57,1
39,1
55,2
104,1
28,2
6,1
43,2
62,2
41,1
90,2
54,1
48,2
46,2
40,2
35,1
57,2
26,1
38,1
70,2
40,1
48,0
37,2
31,2
39,2
53,1
47,2
37,2
0,2
31,1
53,0
9,2
36,2
29,2
28,2
30,0
40,1
60,2
46,1
40,1
42,2
82,1
24,1
56,2
33,1
63,1
41,2
44,2
12,1
37,2
76,1
76,2
51,2
45,1
47,1
30,2
59,2
64,1
31,2
57,2
53,2
34,2
40,1
52,1
63,2
26,1
51,2
53,1
52,2
45,1
30,1
55,0
53,1
48,2
53,2
51,2
46,2
60,0
19,2
44,2
56,1
50,2
29,2
30,1
44,2
60,1
48,1
45,2
36,1
30,2
32,2
44,2
53,1
44,0
37,1
33,0
58,2
80,1
53,1
41,1
41,1
63,0
10,2
18,2
41,2
24,2
50,1
34,2
47,1
44,1
61,2
47,0
42,0
9,2
16,1
51,2
0,2
38,2
51,1
54,2
23,1
36,2
44,2
35,2
46,0
63,2
40,1
54,2
29,2
41,1
77,2
56,2
43,1
37,2
57,0
68,1
69,1
22,1
9,2
71,2
57,1
29,1
41,1
38,2
77,1
33,1
55,2
54,2
29,2
62,1
37,2
28,2
48,2
11,2
13,2
34,1
44,1
34,2
66,2
25,1
34,2
30,2
34,1
53,0
52,1
61,1
19,2
10,1
52,1
32,1
37,2
77,0
62,0
59,2
43,1
45,1
79,2
33,1
17,1
21,2
33,2
31,1
58,0
50,0
72,1
32,2
24,2
28,1
51,2
57,2
61,0
42,2
13,0
34,1
16,1
26,2
17,1
86,0
56,2
46,2
0,1
16,1
32,2
57,2
4,1
38,2
33,2
39,2
35,0
15,2
66,1
9,2
59,1
12,2
57,1
73,0
18,2
60,2
39,2
38,2
48,2
72,1
34,1
34,1
79,2
39,1
7,1
51,2
11,0
28,1
43,0
35,0
85,2
45,1
13,2
46,2
43,1
42,0
14,2
46,1
69,2
35,2
62,2
16,2
49,2
38,1
77,2
3,2
57,2
82,1
25,2
36,2
50,0
34,0
30,1
42,0
34,1
37,1
57,2
2,2
54,1
2,2
77,1
51,0
23,1
0,1
27,2
67,2
45,2
63,2
51,2
44,2
66,2
71,1
55,1
60,2
69,2
68,1
39,2
29,2
31,1
65,1
40,2
47,2
52,1
58,0
49,2
54,1
56,2
32,2
68,1
18,2
57,1
41,2
53,1
42,1
8,0
40,2
10,1
35,2
60,1
34,1
12,2
43,0
52,1
45,2
72,2
24,2
18,2
44,2
45,1
78,0
30,2
70,1
50,2
64,1
70,1
52,2
23,1
0,2
35,1
2,2
51,0
30,2
47,2
70,2
6,2
56,2
34,2
41,2
45,2
76,2
24,1
41,2
42,2
33,1
39,1
40,2
38,1
80,2
47,2
49,1
27,2
2,0
64,1
65,1
50,2
42,1
62,1
42,2
31,2
70,2
40,0
53,2
53,1
59,1
59,0
48,0
50,0
67,2
17,2
18,2
59,1
42,2
67,1
50,1
47,2
23,2
42,1
61,2
64,1
41,1
2,1
71,2
17,2
64,1
42,2
52,2
22,0
0,1
29,1
50,1
18,2
43,2
34,2
37,2
49,2
47,1
51,1
47,1
1,2
44,0
1,2
59,2
24,1
63,2
33,2
54,2
46,2
0,1
66,2
43,1
77,1
50,2
44,0
39,2
34,1
45,2
0,1
57,1
19,2
24,2
8,1
41,1
84,2
54,2
31,2
62,2
55,2
51,2
59,1
53,2
46,2
68,2
52,2
18,2
69,2
52,2
56,1
40,1
40,1
37,2
21,1
55,2
20,2
38,0
46,2
45,1
60,1
40,2
24,2
16,2
54,0
29,2
42,2
41,1
33,2
36,2
48,2
43,2
6,2
60,1
77,2
15,1
42,2
33,1
6,1
0,1
17,2
48,2
37,2
45,2
53,1
5,1
85,0
26,2
56,1
71,2
73,2
37,0
56,2
54,1
62,1
50,2
30,2
34,2
45,2
44,0
35,2
47,1
64,1
37,1
19,2
24,0
51,2
51,2
1,2
48,0
8,0
39,2
34,2
56,2
37,2
89,1
37,2
36,2
30,1
80,2
58,1
55,2
36,1
67,2
49,2
18,2
38,2
78,0
43,2
47,1
24,1
48,2
73,2
21,1
43,2
37,1
41,1
25,1
51,1
70,2
42,1
66,1
50,2
13,1
64,0
24,2
33,2
24,1
18,2
11,2
52,2
25,1
72,1
50,1
36,2
49,1
8,2
50,2
62,0
30,2
64,2
73,1
42,0
44,2
16,2
29,1
15,1
61,0
42,0
35,2
38,2
57,1
26,2
43,2
46,2
94,0
8,2
39,1
52,2
36,2
13,2
59,2
74,2
46,1
49,2
69,2
4,1
43,2
61,1
75,1
61,2
65,0
14,1
28,1
53,2
52,2
59,1
64,2
65,2
28,1
56,1
17,2
8,2
33,1
42,2
62,0
51,1
22,2
79,2
40,1
55,1
41,0
58,1
36,2
33,2
53,2
63,2
3,2
6,1
52,1
47,2
84,1
46,2
93,2
55,2
18,2
1,1
50,2
28,2
22,1
54,2
42,0
47,1
14,2
40,1
54,1
54,2
39,2
6,2
54,1
67,1
25,1
10,0
11,2
31,1
62,2
8,2
54,0
0,2
60,1
27,2
58,1
11,2
33,2
61,1
53,2
43,2
42,1
58,2
43,2
24,2
25,2
40,1
68,2
62,2
35,1
61,1
40,2
10,1
53,2
54,0
73,2
45,2
49,1
67,1
51,2
40,2
78,2
17,2
49,2
37,2
0,2
38,2
11,1
38,2
43,1
34,1
0,2
23,2
83,0
0,2
51,2
57,2
55,1
26,2
11,1
74,2
42,1
67,2
42,2
45,1
38,2
62,1
70,2
58,1
51,2
16,1
41,1
30,1
42,0
28,1
36,2
25,1
25,2
41,2
31,1
55,1
32,2
56,2
37,2
0,0
22,2
18,2
26,2
36,1
57,2
52,1
43,2
16,2
65,1
40,0
37,0
50,2
51,2
53,2
17,2
39,2
35,0
35,2
44,2
61,1
64,2
70,1
46,2
52,2
60,2
37,2
33,2
60,1
27,2
45,2
24,2
40,2
46,1
42,1
18,2
0,0
3,1
59,2
51,2
14,1
51,0
0,2
57,0
38,1
20,1
73,0
38,2
53,2
47,1
30,1
30,2
36,1
0,1
31,2
69,1
31,2
23,2
60,2
36,2
73,2
55,1
65,1
49,2
63,2
46,2
49,2
32,2
37,2
33,2
28,1
39,0
38,1
60,1
79,1
62,1
75,2
42,2
32,2
7,2
39,2
43,1
45,2
74,1
34,2
41,1
56,2
48,2
65,1
39,2
54,1
32,2
15,2
19,2
42,2
66,1
81,0
62,1
47,1
69,2
64,2
44,2
42,2
49,2
43,1
49,2
51,1
28,2
54,2
50,2
31,2
31,1
47,1
46,2
57,2
37,1
24,2
57,2
44,2
42,1
56,2
54,0
19,2
54,1
39,1
70,2
35,2
33,2
43,1
18,2
52,2
66,1
56,2
55,2
14,2
60,1
29,2
28,1
45,0
48,2
32,1
14,2
33,2
45,1
43,2
48,1
51,0
66,1
83,1
35,2
34,2
43,2
68,1
44,1
55,1
41,2
16,1
58,1
53,1
34,2
34,2
31,1
42,2
29,2
40,2
80,2
49,2
26,0
33,2
58,2
40,1
38,2
43,2
59,1
61,2
0,1
43,1
66,2
62,2
65,2
47,1
80,2
46,2
64,0
8,2
27,2
42,1
53,1
31,1
7,2
28,2
36,1
42,2
46,1
65,1
12,1
72,2
64,2
43,2
38,1
74,2
0,2
8,2
53,2
78,2
37,0
42,1
80,1
4,2
13,2
76,2
61,2
32,2
81,0
42,2
22,2
59,2
23,2
16,2
84,2
8,2
35,2
30,2
38,2
32,2
28,1
29,2
29,2
18,2
44,2
38,1
70,2
71,1
55,1
36,1
43,1
33,1
31,0
3,1
37,2
44,2
10,1
57,2
42,2
41,2
54,2
35,2
33,2
55,1
45,1
49,2
41,2
54,1
68,2
42,2
31,1
57,2
1,2
48,2
68,2
23,2
16,2
31,1
41,2
29,2
30,1
54,2
85,1
63,2
47,1
67,1
32,2
50,1
66,1
53,1
20,1
50,1
53,1
39,2
16,1
34,2
63,1
27,2
27,1
8,1
25,2
69,0
82,2
76,2
57,1
51,2
34,2
36,1
9,2
24,1
34,1
45,2
19,1
39,1
40,2
39,2
0,2
54,2
32,1
18,2
51,2
8,0
65,2
52,2
54,2
26,2
41,2
44,2
33,1
28,2
45,1
46,1
64,2
90,2
55,1
38,1
57,2
48,2
56,1
44,2
69,2
54,1
57,1
2,1
70,2
23,1
53,2
40,2
14,2
44,2
66,0
58,2
0,2
55,1
60,1
94,2
71,1
55,2
55,2
46,2
0,1
68,1
1,2
52,1
65,2
53,0
39,2
8,1
1,1
42,2
2,0
8,2
0,2
37,1
53,2
15,1
53,2
32,2
40,2
12,0
52,2
40,1
29,1
43,2
1,1
19,2
51,0
44,2
41,0
77,2
15,1
48,1
60,1
28,1
59,2
39,2
44,2
43,1
18,1
59,2
67,1
57,1
74,2
45,2
65,1
36,0
37,0
23,1
37,2
32,0
43,2
75,2
48,0
40,0
32,2
60,2
35,2
28,0
35,2
47,2
43,1
58,1
44,0
42,2
53,1
50,1
2,2
58,1
62,1
50,1
38,2
55,2
52,1
62,2
48,2
20,2
43,2
2,2
53,2
43,1
32,2
45,2
49,2
24,2
61,1
51,1
17,1
0,1
23,2
50,2
83,1
45,2
42,1
76,2
22,2
35,1
53,2
5,2
64,1
0,2
46,0
68,2
31,2
63,2
70,1
55,2
71,1
50,1
29,2
8,1
49,1
44,2
26,1
12,2
9,1
56,1
27,2
23,0
30,0
48,2
34,1
54,2
36,2
72,0
66,1
25,1
10,2
6,1
1,1
46,2
50,1
74,1
63,2
68,2
42,2
42,2
0,2
47,1
62,2
18,2
44,1
40,2
37,1
9,1
25,2
36,2
20,2
38,2
58,2
36,1
66,1
35,2
38,2
54,1
21,1
42,2
41,2
42,1
37,2
2,2
19,2
41,2
61,2
45,2
67,2
33,2
9,2
1,2
54,1
28,1
65,1
51,2
70,2
58,2
0,2
7,2
71,2
51,0
40,2
16,1
27,1
44,2
61,2
22,2
76,1
57,1
56,2
38,1
42,2
15,2
33,1
57,2
67,0
10,0
50,2
55,2
50,2
58,1
45,2
55,2
6,1
24,2
30,2
37,1
43,2
2,0
16,1
46,2
72,0
29,2
52,2
81,0
45,2
65,1
4,2
62,2
52,2
18,2
70,2
57,0
8,2
52,2
7,1
32,1
48,2
27,1
47,2
52,1
57,2
74,2
54,2
36,1
65,2
32,2
0,1
65,1
30,2
31,2
87,2
65,2
33,2
37,1
39,2
43,1
52,2
65,2
29,2
54,2
56,2
33,2
67,0
62,1
42,1
43,2
77,2
73,2
43,1
34,2
25,2
52,1
39,1
18,2
53,2
24,1
19,2
51,1
27,1
27,2
43,1
52,2
37,2
27,0
47,2
35,1
45,2
17,2
32,2
53,2
67,1
56,1
40,2
52,2
33,1
18,2
59,2
65,0
37,1
66,1
42,1
0,2
29,2
77,2
13,2
33,2
55,2
35,2
27,2
30,2
39,2
0,1
34,2
75,2
44,2
0,2
51,1
39,1
20,2
21,1
21,1
68,1
39,2
42,1
63,1
30,2
26,2
18,2
42,1
62,2
18,2
45,1
35,2
60,1
0,2
8,0
48,0
63,0
55,0
35,2
29,2
47,1
31,2
71,2
37,2
31,2
51,2
36,2
29,2
54,2
57,1
64,1
71,1
71,1
57,2
71,0
0,0
64,1
31,2
62,2
51,2
56,2
42,1
28,2
74,0
42,1
29,2
72,1
0,2
10,2
49,1
42,1
59,0
0,2
37,2
0,2
49,2
42,2
25,0
23,2
46,1
38,2
44,2
33,2
0,1
69,1
53,2
0,2
4,2
34,1
36,2
62,2
47,2
57,2
90,2
64,2
71,1
73,1
49,1
29,2
45,2
5,2
31,2
46,1
75,2
60,1
63,2
39,2
38,1
16,2
50,2
65,1
51,0
35,1
42,1
39,2
23,1
54,2
10,2
55,1
53,2
2,2
49,1
70,2
0,2
45,2
62,2
40,2
30,2
35,2
36,2
52,1
32,1
23,1
0,2
8,2
6,1
69,2
52,1
71,2
0,2
48,2
66,1
59,1
59,1
34,2
40,1
42,2
43,1
70,2
35,2
59,1
60,1
51,1
37,1
60,0
18,1
49,0
9,2
59,0
70,2
21,2
9,2
59,0
91,2
25,2
40,2
26,2
53,2
32,1
28,1
51,1
0,2
58,0
40,1
38,2
36,2
46,2
51,0
46,2
38,1
55,1
49,1
44,1
35,2
42,1
55,1
32,2
33,2
42,1
3,1
24,2
31,1
53,2
21,2
57,2
49,1
45,2
37,2
36,2
17,1
50,1
35,1
45,1
44,2
57,2
30,1
53,2
17,2
47,2
38,2
44,1
25,2
74,1
34,1
69,2
69,1
85,0
29,2
61,2
44,2
63,2
48,2
39,1
28,2
53,2
36,2
47,1
1,1
41,1
62,1
61,2
42,1
50,1
46,2
43,2
59,1
39,2
33,2
93,2
30,1
53,1
33,1
65,1
65,1
60,1
49,2
16,1
18,1
11,2
47,1
42,1
68,2
34,2
24,1
70,2
10,2
18,1
72,2
25,2
39,2
26,2
52,0
73,2
43,2
45,2
36,2
38,1
48,1
71,1
25,2
9,2
65,2
68,2
50,2
34,2
0,2
30,2
31,1
40,2
18,2
72,1
38,2
48,2
54,2
55,2
44,2
66,2
54,2
59,1
51,2
43,2
18,2
29,2
41,1
27,2
47,1
74,2
56,2
24,1
0,1
21,2
45,2
38,1
68,1
52,2
46,1
48,2
52,2
49,2
76,2
44,2
31,2
25,1
59,0
25,2
61,2
40,1
54,2
43,1
39,1
29,2
40,2
41,2
49,2
34,2
9,2
27,1
57,0
61,1
70,1
51,2
24,2
44,2
30,2
35,2
63,1
65,1
70,1
9,2
18,1
0,2
64,2
78,0
28,2
40,1
34,1
91,2
37,2
52,2
44,2
0,2
51,2
52,1
24,2
58,2
36,2
42,0
14,2
12,2
45,2
39,0
43,1
27,1
79,2
40,2
65,2
19,2
14,2
21,1
39,2
35,2
50,2
7,1
36,1
0,1
39,2
63,2
58,2
10,2
44,2
35,2
46,1
46,2
1,1
44,2
5,1
67,2
48,1
45,1
52,2
18,2
41,1
56,2
53,2
56,2
56,2
43,1
45,2
0,2
17,2
55,1
61,2
54,1
38,1
1,2
51,2
70,1
69,2
44,1
36,1
27,1
47,1
60,1
44,1
33,2
59,2
35,1
60,2
42,2
53,1
44,0
55,2
48,1
43,0
45,2
39,2
74,2
35,2
64,2
41,2
42,2
38,2
55,2
59,0
34,2
46,1
25,2
50,2
42,1
30,1
42,0
19,2
39,2
17,1
78,1
62,2
51,1
22,1
36,1
39,2
48,1
55,2
0,2
24,1
45,1
41,0
30,2
68,2
35,1
2,2
39,2
20,1
65,2
50,2
10,2
39,0
19,2
76,1
48,2
30,1
48,1
37,2
4,1
46,2
44,0
39,2
31,1
71,1
1,2
51,2
66,0
54,1
45,2
37,2
14,2
40,2
1,2
55,2
42,0
54,1
15,2
88,2
53,2
16,1
47,2
23,2
52,2
44,1
43,2
67,2
1,1
20,2
39,2
30,2
17,1
42,0
50,2
19,2
50,2
62,1
54,1
57,2
46,1
57,1
31,2
38,2
31,1
0,2
35,1
36,2
47,2
12,2
69,1
48,1
48,0
58,2
25,2
41,2
56,1
67,2
58,2
33,2
27,1
24,2
49,2
20,2
48,0
26,2
33,2
29,2
47,2
60,1
41,1
19,2
28,2
64,2
61,1
76,2
66,1
58,2
25,2
38,2
50,1
45,1
59,2
61,1
19,2
61,1
0,2
47,2
46,1
34,2
33,1
36,2
48,2
0,1
49,2
24,1
50,2
22,2
39,2
50,0
58,2
17,2
0,1
38,1
47,0
58,1
7,2
58,1
43,1
19,2
34,1
67,2
1,1
55,1
3,1
74,1
53,2
74,1
44,2
46,2
71,1
63,2
67,1
54,2
47,2
38,1
59,2
36,2
0,2
35,2
54,2
1,2
61,2
0,2
17,1
44,2
59,2
60,1
39,1
1,2
34,2
38,2
60,1
41,2
40,2
13,1
55,1
2,2
40,1
67,2
16,2
36,2
56,1
56,2
91,1
35,1
70,1
59,2
38,2
47,2
39,2
53,1
30,2
77,1
14,2
8,0
32,1
52,1
37,2
34,1
37,2
9,2
65,2
48,0
10,2
31,1
27,0
63,2
35,2
63,2
73,2
59,2
33,1
89,1
48,1
66,1
59,2
58,2
69,2
28,2
49,1
50,1
58,2
55,1
60,1
24,2
23,2
19,1
54,2
19,2
49,0
65,2
47,1
48,2
22,2
36,2
40,2
58,2
51,0
45,2
1,1
50,0
26,2
59,1
17,0
46,2
3,2
46,1
78,2
60,1
27,2
42,2
55,2
55,2
30,2
57,2
51,2
48,1
16,1
68,2
11,2
59,2
49,2
43,2
49,1
57,2
89,2
53,2
21,2
56,2
46,2
57,2
0,2
43,1
40,2
88,1
1,1
61,1
26,2
25,2
43,2
28,1
37,2
49,2
38,2
42,1
43,2
48,0
73,0
24,1
15,2
28,2
69,2
59,0
43,1
89,1
45,2
0,2
46,2
65,0
49,1
37,2
58,1
60,2
22,1
42,1
67,2
82,1
33,1
0,1
47,2
45,2
0,2
66,2
50,1
41,2
31,2
63,1
35,0
65,1
58,2
9,1
37,1
65,2
7,1
65,1
45,1
61,2
33,2
26,1
54,1
35,1
36,0
32,2
47,1
60,1
36,2
37,2
0,2
44,1
53,1
66,1
17,1
53,1
52,1
79,1
45,2
59,2
8,0
8,2
43,2
42,2
33,2
45,2
10,1
15,2
50,1
35,2
60,2
53,1
43,2
37,2
69,2
31,1
90,1
31,1
52,2
1,1
56,2
45,2
15,2
54,1
36,2
9,2
54,1
29,2
31,2
0,2
33,2
39,1
49,2
62,2
31,2
45,2
44,2
42,0
39,2
76,1
45,1
38,2
47,2
22,2
49,2
52,2
52,2
63,1
34,2
20,2
63,2
44,2
61,2
28,2
11,2
9,2
45,2
2,2
49,2
0,2
59,0
39,1
47,1
33,1
30,2
50,2
74,1
22,0
33,2
45,2
50,2
60,2
50,2
16,2
45,2
16,2
44,1
63,2
88,2
64,0
78,1
60,1
20,1
3,1
37,2
54,1
33,1
63,1
58,2
16,2
18,0
65,2
20,1
0,2
36,1
7,2
17,2
70,2
44,1
15,2
2,2
0,2
39,1
53,2
41,2
38,2
71,0
39,2
34,2
44,1
41,1
29,1
60,1
56,2
32,2
63,2
20,1
29,2
1,0
41,2
50,2
53,1
39,2
12,2
39,1
34,1
47,2
45,1
37,1
16,2
65,1
35,2
59,2
49,2
55,1
40,2
30,1
38,2
34,2
39,2
0,2
64,1
53,2
50,1
55,1
66,1
34,2
29,1
57,2
50,2
16,1
34,1
41,2
12,1
23,1
28,1
51,2
32,2
50,2
42,1
61,2
34,2
55,1
8,2
34,2
38,2
7,1
46,1
39,1
0,2
53,2
61,2
25,2
38,1
8,2
33,2
48,1
39,2
19,2
58,2
56,2
44,1
63,2
40,2
18,1
79,0
34,0
41,2
61,1
69,1
44,1
39,2
1,2
66,1
25,1
23,2
17,1
34,1
39,2
26,1
42,1
42,2
58,2
38,1
66,1
54,2
31,1
53,1
44,1
54,1
41,2
41,1
56,1
50,1
73,1
57,0
59,1
36,2
75,1
77,2
9,1
44,1
49,2
75,1
40,1
48,2
72,2
40,2
44,2
22,1
29,1
43,1
0,2
44,1
66,2
49,2
7,1
29,2
62,2
70,1
35,2
42,2
55,1
16,1
63,1
27,2
38,1
60,1
23,2
68,1
33,1
39,1
26,2
26,1
30,2
37,1
56,1
88,1
68,1
37,1
73,1
48,1
47,1
53,1
63,1
47,2
62,2
42,2
7,2
60,2
40,2
35,0
58,2
79,1
47,2
51,1
29,2
16,1
27,2
67,2
32,1
38,2
19,2
87,2
29,2
42,1
51,2
